ticker,ff_48
A,37
AA,19
AACI,
AADI,
AAL,40
AAMC,47
AAME,45
AAN,34
AAOI,
AAON,21
AAP,42
AAPL,35
AAQC,34
AATC,37
AAWW,40
ABBV,13
ABC,41
ABCB,44
ABEO,13
ABG,42
ABIO,13
ABM,34
ABMD,12
ABNB,
ABOS,
ABSI,
ABT,47
ABTX,
ABVC,
AC,47
ACA,21
ACAB,
ACAC,
ACAD,13
ACAH,
ACAQ,47
ACAX,
ACBI,
ACCD,
ACCO,41
ACDC,
ACEL,7
ACER,13
ACET,
ACHC,
ACHR,24
ACHV,13
ACI,42
ACII,47
ACIW,34
ACLS,21
ACLX,
ACM,34
ACMR,
ACNB,44
ACNT,17
ACON,
ACOR,13
ACRO,47
ACRS,
ACRV,
ACRX,
ACST,
ACT,
ACTG,13
ACU,17
ACVA,
ACXP,
ACY,34
ADBE,34
ADEA,36
ADER,
ADES,14
ADEX,47
ADGI,
ADI,36
ADIL,
ADM,2
ADMA,34
ADMP,13
ADN,
ADP,34
ADPT,
ADRA,47
ADRT,47
ADS,34
ADSK,34
ADT,34
ADTH,
ADTN,36
ADTX,
ADUS,
ADV,
ADVM,
AE,41
AEAE,
AEE,31
AEHA,
AEHR,37
AEI,
AEIS,36
AEL,45
AEMD,
AEO,42
AEP,31
AERC,
AERI,
AES,31
AESE,
AEVA,47
AEY,34
AEYE,
AFAC,
AFAQ,
AFBI,
AFCG,
AFG,45
AFI,18
AFIB,
AFL,45
AFRM,
AGAE,
AGCO,21
AGE,34
AGEN,13
AGFS,
AGFY,
AGIL,
AGIO,
AGL,45
AGLE,
AGM,44
AGR,31
AGRX,13
AGS,6
AGTC,
AGTI,34
AGX,32
AGYS,41
AHCO,
AHPI,12
AI,34
AIG,45
AIHS,
AIKI,34
AIM,13
AIMC,21
AIMD,13
AIN,16
AINC,47
AIP,
AIR,24
AIRG,
AIRI,24
AIRS,
AIRT,40
AIT,41
AIZ,45
AJG,45
AJRD,36
AKA,34
AKAM,34
AKBA,
AKLI,
AKRO,
AKTS,
AKU,
AKUS,
AKYA,
AL,34
ALB,14
ALBO,13
ALBT,
ALCC,47
ALCO,1
ALDX,
ALE,31
ALEC,
ALEX,46
ALF,
ALG,21
ALGM,
ALGN,12
ALGS,
ALGT,40
ALHC,
ALIM,
ALIT,34
ALJJ,
ALK,40
ALKT,
ALL,45
ALLK,
ALLO,
ALLR,
ALLY,44
ALNA,
ALNY,13
ALOT,35
ALPA,
ALPN,
ALPP,
ALR,11
ALRM,
ALRN,
ALRS,
ALSN,41
ALT,13
ALTG,34
ALTM,30
ALTO,14
ALTR,
ALTU,
ALV,23
ALVR,
ALXO,
ALZN,
AM,31
AMAL,
AMAO,
AMAT,21
AMBC,47
AMC,7
AMCI,
AMCX,
AMD,36
AME,37
AMED,11
AMEH,
AMG,47
AMGN,13
AMK,47
AMKR,36
AMLX,
AMN,34
AMNB,44
AMOT,37
AMP,47
AMPE,13
AMPG,
AMPH,
AMPI,47
AMPL,
AMPS,31
AMPX,23
AMPY,30
AMR,29
AMRC,18
AMRK,
AMRS,
AMRX,41
AMS,34
AMSC,36
AMSF,45
AMST,
AMSWA,34
AMTB,
AMTI,
AMTX,46
AMV,
AMWD,17
AMWL,34
AMZN,34
AN,42
ANAB,
ANAT,45
ANDE,41
ANEB,
ANET,35
ANF,42
ANGI,
ANGN,
ANGO,12
ANIK,13
ANIP,13
ANIX,35
ANNX,
ANSS,34
ANTM,45
ANTX,
ANVS,34
ANZU,
AOGO,
AORT,12
AOS,9
AOUT,
AP,21
APA,30
APAM,47
APCX,
APD,9
APDN,34
APEI,33
APEN,
APG,47
APGN,
APH,36
APLD,36
APLS,
APLT,
APMI,
APN,47
APO,47
APOG,9
APP,
APPF,
APPH,
APPN,
APPS,34
APR,
APRE,
APRN,42
APT,12
APTX,
APVO,
APYX,12
AQB,
AQMS,
AQST,
AQU,
AQUA,21
AR,30
ARAV,
ARAY,12
ARBG,
ARC,34
ARCB,40
ARCH,29
ARCK,
ARCT,
ARDS,
ARDX,13
AREB,
AREC,
AREN,12
ARES,47
ARGU,
ARHS,
ARIS,30
ARIZ,
ARKO,
ARKR,43
ARL,46
ARLO,6
ARMK,43
ARMP,13
ARNA,34
ARNC,19
AROC,34
AROW,44
ARQT,
ARRW,
ARRY,
ARTE,
ARTL,
ARTNA,31
ARTW,21
ARVN,
ARW,41
ARWR,34
ASAN,34
ASAP,
ASAQ,47
ASAX,
ASB,44
ASGN,34
ASH,41
ASIX,14
ASLE,
ASMB,
ASNS,
ASO,
ASPA,
ASPI,
ASPN,14
ASPU,
ASRT,13
ASRV,44
ASTC,26
ASTE,21
ASTI,36
ASTR,
ASTS,
ASUR,36
ASXC,12
ASYS,36
ATCX,
ATEC,12
ATEK,47
ATEN,35
ATER,
ATEX,
ATGE,33
ATHA,
ATHX,13
ATI,19
ATIP,11
ATKR,17
ATLC,44
ATLO,44
ATNF,
ATNI,32
ATNM,13
ATNX,
ATO,31
ATOM,
ATOS,
ATR,15
ATRA,13
ATRC,12
ATRI,31
ATRO,39
ATRS,12
ATSG,40
ATUS,32
ATVC,
ATVI,34
ATXG,
ATXI,
ATXS,
AUB,44
AUBN,44
AUD,32
AUGX,
AUID,
AUMN,27
AUR,
AURA,
AUTO,8
AUUD,
AUVI,
AVA,31
AVAC,
AVAH,
AVAV,24
AVCO,
AVCT,34
AVD,14
AVDX,
AVEO,
AVGO,
AVGR,
AVHI,
AVID,34
AVIR,
AVLR,34
AVNS,12
AVNT,14
AVNW,36
AVO,
AVPT,
AVRO,
AVT,41
AVTE,
AVTR,37
AVTX,
AVXL,34
AVY,38
AVYA,36
AWH,34
AWI,22
AWK,31
AWR,31
AWRE,34
AWX,48
AX,44
AXDX,34
AXGN,12
AXH,47
AXL,23
AXLA,
AXNX,
AXON,26
AXP,44
AXR,46
AXSM,
AXTI,36
AYI,22
AYLA,
AYRO,32
AYTU,
AYX,35
AZEK,47
AZO,42
AZPN,34
AZTA,21
AZYO,
AZZ,22
B,17
BA,24
BAC,44
BACA,34
BACK,
BAFN,
BAH,34
BALL,39
BALY,43
BANC,44
BAND,
BANF,44
BANR,44
BARK,13
BASE,
BATL,30
BATRA,
BATRK,
BAX,12
BBAI,34
BBBY,42
BBCP,
BBGI,32
BBI,13
BBIG,
BBIO,
BBLG,
BBQ,43
BBSI,34
BBW,42
BBWI,42
BBY,42
BC,21
BCAB,
BCAC,
BCAN,
BCBP,44
BCC,38
BCDA,
BCEL,
BCLI,32
BCML,
BCO,40
BCOR,35
BCOV,
BCOW,
BCPC,14
BCRX,13
BCSF,47
BDC,19
BDL,43
BDR,36
BDSI,13
BDSX,
BDTX,
BDX,12
BE,36
BEAM,
BEAT,
BECN,41
BEEM,
BELFA,36
BELFB,36
BEN,47
BENE,
BERY,15
BF,4
BFAM,33
BFC,
BFH,34
BFI,
BFIN,44
BFLY,47
BFRI,
BFST,
BGCP,34
BGFV,42
BGRY,
BGS,2
BGSF,34
BGSX,18
BGXX,
BH,2
BHAC,
BHB,47
BHE,36
BHF,
BHG,45
BHIL,47
BHLB,44
BIAF,13
BIG,42
BIGC,
BIIB,13
BILL,34
BIMI,32
BIO,37
BIOC,
BIOL,12
BIOR,
BIRD,
BITE,47
BIVI,
BJ,42
BJDX,
BJRI,43
BK,44
BKD,11
BKE,42
BKH,31
BKI,34
BKKT,47
BKNG,34
BKR,21
BKSC,44
BKSY,47
BKTI,36
BKU,44
BKYI,35
BL,
BLBD,
BLBX,
BLCM,
BLD,18
BLDE,
BLDR,17
BLFS,12
BLFY,
BLI,
BLIN,34
BLK,47
BLKB,34
BLL,39
BLMN,
BLND,44
BLNG,
BLNK,
BLPH,
BLTS,
BLUE,
BLZE,
BMAC,47
BMAQ,
BMBL,
BMEA,
BMI,37
BMRA,13
BMRC,44
BMRN,13
BMTC,44
BMTX,47
BMY,13
BNED,42
BNFT,
BNGO,
BNIX,
BNNR,
BNTC,
BOAS,47
BOC,46
BODY,47
BOH,44
BOKF,44
BOLT,
BOMN,46
BOOM,17
BOOT,42
BOTJ,44
BOWL,47
BOX,42
BOXD,47
BOXL,
BPMC,
BPOP,44
BPRN,
BPTH,42
BR,34
BRAC,
BRBR,21
BRBS,44
BRC,34
BRCC,4
BRD,47
BRDG,47
BRDS,9
BREZ,
BRFH,
BRID,2
BRIV,
BRK,45
BRKH,
BRKL,44
BRKR,37
BRLT,
BRN,30
BRO,45
BROS,42
BRP,
BRPM,
BRTX,
BRY,
BRZE,
BSBK,
BSET,9
BSFC,
BSGM,
BSKY,
BSQR,34
BSRR,44
BSVN,
BSX,12
BSY,
BTAI,
BTBD,
BTCS,
BTCY,
BTMD,
BTN,9
BTRS,8
BTTR,42
BTTX,
BTU,29
BTX,34
BURL,42
BUSE,44
BV,1
BVH,43
BVS,
BW,22
BWA,23
BWAC,
BWB,
BWEN,13
BWFG,44
BWMN,
BWV,
BWXT,20
BX,47
BXC,41
BXRX,
BY,47
BYD,43
BYFC,44
BYN,47
BYND,
BYNO,
BYRN,
BZFD,
BZH,18
C,44
CAAS,23
CABA,
CABO,32
CAC,44
CACC,44
CACI,35
CADE,44
CADL,
CAG,2
CAH,41
CAKE,43
CAL,42
CALA,
CALB,
CALM,1
CALX,36
CAMP,36
CANO,47
CAPR,34
CAR,46
CARA,
CARE,
CARG,
CARR,21
CARS,41
CARV,44
CAS,47
CASA,
CASH,44
CASI,13
CASS,34
CASY,42
CAT,21
CATC,
CATO,42
CATY,44
CBAN,44
CBAT,22
CBAY,13
CBFV,
CBIO,13
CBNK,
CBRE,46
CBRL,43
CBSH,47
CBT,14
CBTX,
CBU,44
CBZ,34
CC,14
CCAI,47
CCAP,
CCB,
CCBG,44
CCCC,
CCCS,47
CCEL,11
CCF,40
CCK,39
CCMP,17
CCNC,
CCNE,44
CCO,34
CCOI,32
CCRD,17
CCRN,34
CCS,18
CCSI,
CCV,47
CCVI,47
CCXI,
CDAK,
CDAY,34
CDE,27
CDEV,27
CDIO,
CDK,
CDLX,
CDMO,13
CDNA,11
CDNS,34
CDRE,12
CDTX,
CDW,
CDXC,
CDXS,
CDZI,1
CE,14
CEAD,
CECE,21
CECO,21
CEG,
CEI,30
CEIX,29
CELC,
CELH,28
CELU,
CELZ,
CEMI,47
CENT,41
CENTA,41
CENX,19
CERE,
CERN,35
CERS,13
CERT,
CETX,
CEVA,36
CF,14
CFB,
CFBK,44
CFFE,
CFFI,44
CFFN,44
CFFS,
CFG,47
CFIV,
CFLT,
CFMS,
CFR,47
CFRX,
CFSB,
CFV,
CFVI,
CFX,21
CGA,14
CGBD,
CGEM,
CGNX,37
CGRN,22
CGTX,
CHCI,18
CHCO,44
CHD,9
CHDN,7
CHE,47
CHEF,
CHG,
CHGG,33
CHH,43
CHK,
CHMG,
CHNG,
CHPM,
CHPT,47
CHRA,48
CHRD,
CHRS,
CHRW,40
CHS,42
CHTR,32
CHUY,
CHWY,42
CHX,41
CI,45
CIA,45
CIDM,34
CIEN,36
CIFR,
CIIG,
CINC,
CINF,45
CING,
CIR,17
CISO,
CIT,44
CIVB,44
CIVI,30
CIX,22
CIZN,44
CKPT,
CKX,30
CL,9
CLAQ,
CLAR,34
CLAS,47
CLBK,
CLBR,47
CLBS,11
CLDX,13
CLF,28
CLFD,37
CLH,48
CLIM,47
CLIN,
CLIR,
CLMB,42
CLNE,31
CLNN,
CLOE,
CLOV,47
CLPT,12
CLR,41
CLRB,34
CLRM,
CLRO,36
CLSD,
CLSK,
CLSN,13
CLST,
CLVS,
CLW,38
CLX,9
CLXT,
CMA,44
CMAX,
CMC,19
CMCO,21
CMCSA,32
CME,47
CMG,43
CMI,21
CMLS,
CMP,28
CMPI,
CMPO,
CMPX,
CMRA,
CMRX,
CMS,31
CMT,15
CMTL,22
CNA,45
CNC,45
CNCE,
CND,47
CNDA,47
CNDB,47
CNDT,34
CNET,34
CNFR,
CNGL,
CNK,7
CNM,41
CNMD,12
CNNB,
CNNE,47
CNO,45
CNOB,44
CNP,31
CNR,47
CNS,47
CNSL,32
CNSP,
CNTQ,
CNTX,
CNTY,7
CNVY,34
CNX,29
CNXA,
CNXC,47
CNXN,42
COCO,
COCP,
CODA,
CODX,
COEP,
COF,44
COFS,
COGT,
COHN,47
COHR,37
COHU,37
COIN,
COKE,3
COLB,44
COLD,47
COLI,
COLL,
COLM,41
COMM,
COMP,34
COMS,
CONN,42
CONX,
COO,12
COOK,9
COOP,44
COP,30
CORT,13
CORZ,
COSM,
COST,42
COTY,9
COUP,
COUR,34
COWN,
COYA,
CPAA,
CPB,2
CPE,30
CPF,47
CPHC,7
CPHI,13
CPIX,13
CPK,31
CPNG,42
CPRT,41
CPRX,13
CPS,23
CPSH,9
CPSI,34
CPSR,47
CPSS,44
CPTN,
CPUH,47
CR,17
CRAI,34
CRBG,45
CRBP,
CRBU,
CRC,30
CRCT,
CRD,45
CRDF,
CREG,4
CREX,
CRGE,
CRGY,30
CRI,42
CRIS,13
CRK,30
CRKN,
CRL,34
CRM,34
CRMD,13
CRMT,32
CRNC,
CRNX,
CROX,10
CRS,19
CRSR,
CRTD,
CRTX,
CRU,47
CRUS,36
CRVL,45
CRVS,
CRWD,
CRWS,16
CRXT,
CRY,12
CSBR,43
CSCO,36
CSGP,46
CSGS,34
CSII,13
CSL,17
CSLT,34
CSPI,35
CSPR,42
CSSE,
CSTL,
CSTR,
CSV,33
CSWI,
CSX,40
CTAQ,
CTAS,10
CTBI,44
CTEK,34
CTG,34
CTGO,28
CTHR,9
CTIB,15
CTIC,13
CTKB,
CTLP,34
CTLT,13
CTM,14
CTMX,
CTOS,47
CTRA,30
CTRN,42
CTS,36
CTSH,34
CTSO,34
CTV,41
CTVA,1
CTXR,
CTXS,34
CUBI,44
CUE,
CUEN,
CULL,
CULP,16
CURI,
CURO,34
CURV,10
CUTR,12
CVBF,44
CVCO,38
CVCY,44
CVET,
CVGI,23
CVGW,1
CVI,30
CVII,47
CVLG,40
CVLT,34
CVLY,44
CVM,34
CVNA,42
CVR,17
CVRX,
CVS,42
CVT,
CVU,24
CVV,21
CVX,42
CW,17
CWAN,34
CWBC,44
CWBR,
CWEN,31
CWH,42
CWST,48
CWT,31
CXAC,47
CXDO,35
CXM,34
CYAN,13
CYBE,37
CYCC,13
CYCN,
CYH,11
CYN,
CYRX,
CYT,
CYTH,
CYTK,13
CYXT,
CZFS,
CZNC,47
CZR,
CZWI,44
D,30
DAIO,35
DAKT,
DAL,40
DALN,8
DALS,
DAN,23
DAR,2
DARE,
DASH,42
DATS,
DAVE,34
DAWN,
DBD,35
DBGI,
DBI,42
DBTX,
DBX,
DC,27
DCGO,
DCI,21
DCO,18
DCOM,44
DCPH,
DCRN,
DCT,
DCTH,12
DD,14
DDD,34
DDOG,
DDS,42
DE,21
DECK,10
DELL,35
DEN,30
DENN,43
DERM,
DFFN,9
DFH,18
DFIN,34
DFLI,
DFS,44
DG,42
DGICA,45
DGICB,45
DGII,35
DGLY,36
DGX,11
DH,
DHAC,
DHBC,
DHHC,
DHI,18
DHIL,47
DHR,37
DHX,34
DIBS,
DICE,
DILA,
DIN,47
DINO,30
DIOD,36
DIS,32
DISCA,32
DISCB,32
DISCK,32
DISH,32
DIT,41
DJCO,8
DK,30
DKDCA,
DKNG,
DKS,42
DLA,10
DLB,6
DLHC,34
DLPN,
DLTH,
DLTR,42
DLX,8
DM,47
DMAQ,
DMRC,
DMTK,
DMYS,47
DMYY,47
DNA,47
DNAY,
DNB,34
DNLI,
DNMR,14
DNOW,21
DNUT,
DNZ,47
DO,30
DOCN,34
DOCS,32
DOCU,
DOMA,47
DOMH,34
DOMO,
DORM,41
DOUG,47
DOV,21
DOW,14
DPSI,41
DPZ,43
DRCT,
DRI,43
DRIO,
DRMA,
DRQ,21
DRRX,13
DRS,
DRTT,
DRVN,
DS,47
DSAQ,34
DSGN,
DSGR,41
DSKE,
DSP,
DSS,35
DT,34
DTC,6
DTE,31
DTIL,
DTM,31
DTOC,
DTRT,
DTSS,
DTST,
DUET,
DUK,31
DUNE,
DUOL,
DUOT,
DV,34
DVA,11
DVAX,13
DVN,30
DWAC,
DWIN,47
DWSN,30
DXC,35
DXCM,12
DXLG,42
DXPE,41
DXR,11
DXYN,16
DY,18
DYAI,15
DYN,
DYNS,
DYNT,36
DZSI,36
EA,34
EAC,
EAF,22
EAR,
EAST,
EAT,43
EB,34
EBAY,34
EBC,
EBET,
EBF,38
EBIX,35
EBMT,47
EBS,13
EBTC,47
ECBK,
ECL,9
ECOL,48
ECOM,34
ECOR,
ECPG,44
ECVT,41
ED,31
EDBL,
EDIT,
EDR,7
EDTX,
EDUC,41
EE,31
EEFT,44
EEX,34
EFHT,
EFOI,22
EFSC,47
EFSH,34
EFTR,
EFX,34
EGAN,34
EGBN,44
EGGF,34
EGHT,32
EGIO,34
EGRX,
EGY,30
EHAB,34
EHC,11
EHTH,45
EIC,
EIG,45
EIGR,
EIX,31
EKSO,
EL,9
ELA,41
ELAN,13
ELDN,13
ELEV,
ELF,9
ELMD,12
ELMS,
ELOX,13
ELSE,37
ELV,45
ELVT,44
ELY,6
ELYM,
ELYS,
EMAN,36
EMBC,
EMBK,34
EMCF,47
EME,18
EMKR,36
EML,17
EMLD,
EMN,14
EMR,17
ENER,
ENFN,34
ENG,34
ENJY,
ENNV,
ENOB,
ENOV,17
ENPC,47
ENPH,
ENR,22
ENS,22
ENSC,
ENSG,11
ENSV,30
ENTA,
ENTG,15
ENV,34
ENVA,44
ENVB,36
ENVI,
ENVX,
ENZ,11
EOG,30
EOLS,
EOSE,47
EP,30
EPAC,21
EPAM,34
EPAY,34
EPC,9
EPHY,
EPIX,
EPM,30
EPWR,47
EPZM,
EQ,
EQBK,
EQD,47
EQH,45
EQHA,47
EQRX,
EQT,30
EQX,47
ERAS,
ERES,
ERIE,45
ERII,
ERNA,34
ES,31
ESAB,21
ESBK,44
ESCA,6
ESE,36
ESI,14
ESMT,34
ESOA,18
ESP,36
ESPR,
ESQ,
ESSA,47
ESTE,30
ETAC,
ETD,42
ETNB,
ETON,
ETR,31
ETRN,31
ETSY,
ETTX,
ETWO,47
EVA,39
EVBG,
EVBN,44
EVC,32
EVCM,
EVER,
EVEX,47
EVFM,
EVGO,47
EVH,34
EVI,41
EVK,10
EVLO,
EVLV,
EVOJ,
EVOK,
EVOL,34
EVOP,
EVR,47
EVRG,31
EVRI,34
EVTC,34
EVTV,
EW,12
EWBC,44
EWCZ,
EWTX,
EXAS,34
EXC,31
EXEL,34
EXFY,
EXLS,34
EXP,17
EXPD,40
EXPE,32
EXPI,
EXPO,34
EXPR,42
EXTN,34
EXTR,35
EYE,
EYEN,
EYES,
EYPT,13
EZFL,
EZPW,44
F,23
FA,
FACA,47
FAF,45
FANG,
FARM,2
FARO,37
FAST,42
FAT,
FATBB,
FATE,
FATH,17
FAZE,
FB,34
FBC,44
FBHS,17
FBIN,17
FBIO,13
FBIZ,44
FBK,44
FBMS,44
FBNC,44
FBP,44
FBRX,
FC,34
FCAP,44
FCBC,44
FCCO,44
FCCY,44
FCEL,22
FCF,44
FCFS,44
FCN,34
FCNCA,44
FCUV,
FCX,28
FDBC,
FDMT,
FDS,34
FDX,40
FE,31
FEAM,
FEIM,37
FELE,22
FEMY,
FET,21
FEXD,
FF,14
FFBC,44
FFBW,
FFIC,44
FFIE,
FFIN,44
FFIV,34
FFNW,44
FFWM,
FG,45
FGBI,
FGEN,
FGF,
FGH,9
FGMC,
FHB,
FHI,47
FHLT,
FHN,44
FHTX,
FIAC,
FIBK,
FICO,34
FIGS,42
FINW,
FIP,
FIS,34
FISI,44
FISV,34
FITB,47
FIVE,
FIVN,
FIX,18
FIXX,
FIZZ,3
FKWL,35
FL,42
FLAG,47
FLDM,
FLFV,
FLGC,
FLGT,
FLIC,44
FLL,43
FLME,47
FLMN,30
FLNC,
FLNT,32
FLO,2
FLOW,21
FLR,18
FLS,21
FLT,34
FLUX,
FLWS,42
FLXS,9
FLYW,
FMAC,47
FMAO,
FMBH,44
FMBI,44
FMC,14
FMIV,
FMNB,44
FMTX,
FNA,11
FNB,44
FNCB,
FNCH,
FND,42
FNF,45
FNGR,
FNHC,45
FNKO,
FNLC,44
FNWB,
FNWD,
FOA,47
FOCS,
FOE,14
FOLD,13
FONR,12
FOR,46
FORA,
FORD,9
FORG,34
FORM,37
FORR,34
FOSL,9
FOUR,34
FOX,
FOXA,
FOXF,
FOXO,47
FOXW,
FPAY,
FPH,46
FRAF,
FRBA,44
FRBK,44
FRC,44
FRD,19
FREE,
FREQ,
FRG,33
FRGE,47
FRGI,
FRHC,30
FRLA,
FRME,44
FRPH,40
FRPT,
FRSG,
FRSH,
FRST,44
FRTA,
FRTX,13
FRW,
FRXB,34
FRZA,
FSBC,
FSBW,
FSEA,
FSFG,44
FSI,6
FSLR,36
FSLY,34
FSNB,34
FSR,8
FSRD,
FSRX,
FSS,23
FSSI,
FST,47
FSTR,19
FSTX,
FTAI,40
FTCI,
FTCV,
FTDR,
FTEK,41
FTFT,34
FTHM,
FTII,
FTK,3
FTNT,
FTPA,
FTSI,30
FTV,37
FTVI,
FUBO,7
FUL,14
FULC,
FULT,44
FUNC,44
FUSB,47
FUV,
FVAM,
FVCB,
FVE,11
FVIV,47
FVT,47
FWBI,
FWONA,
FWONK,
FWRD,40
FWRG,
FXCO,
FXLV,7
FXNC,
FYBR,
FZT,47
GABC,44
GACQ,
GAIA,34
GALT,13
GAMC,
GANX,
GAPA,47
GATE,
GATO,27
GATX,40
GBBK,
GBCI,44
GBIO,
GBL,47
GBLI,45
GBNY,
GBOX,
GBR,30
GBS,
GBT,
GBTG,40
GBX,25
GCAC,
GCBC,44
GCI,8
GCMG,
GCO,42
GCP,14
GCTK,
GD,24
GDDY,35
GDEN,7
GDNR,
GDOT,44
GDRX,
GDST,
GDYN,
GE,21
GEF,39
GEG,34
GEN,34
GENC,21
GENQ,
GEOS,37
GERN,13
GES,42
GETR,47
GETY,47
GEVO,
GFED,44
GFF,17
GFOR,47
GFX,47
GGE,34
GGG,21
GGGV,
GGMC,
GGPI,
GH,
GHAC,
GHC,34
GHIX,
GHL,47
GHLD,44
GHM,21
GHSI,
GIA,47
GIC,41
GIFI,17
GIII,10
GIIX,
GILD,13
GIS,2
GIW,
GKOS,37
GL,45
GLAQ,
GLBZ,44
GLDD,18
GLEE,
GLG,
GLHA,
GLLI,
GLS,13
GLSI,
GLST,
GLT,38
GLTO,
GLUE,
GLW,9
GLYC,
GM,23
GMBL,
GME,42
GMED,12
GMFI,
GMGI,
GMII,
GMS,41
GMTX,
GNAC,
GNCA,
GNE,31
GNLN,
GNOG,
GNPX,
GNRC,22
GNSS,6
GNTX,23
GNTY,44
GNUS,
GNW,45
GO,
GOAC,34
GOCO,
GOED,34
GOEV,
GOGO,
GOLF,6
GOOG,34
GOOGL,34
GORO,27
GOSS,
GOVX,
GPC,41
GPI,42
GPK,38
GPN,34
GPOR,30
GPRE,14
GPRO,
GPS,42
GRAY,
GRBK,18
GRC,21
GREE,
GRIL,
GRNA,
GRND,47
GRNQ,
GRNT,47
GROM,
GROV,42
GROW,47
GRPH,
GRPN,
GRTS,
GRTX,
GRVI,
GRWG,
GS,47
GSAT,32
GSBC,44
GSD,
GSEV,
GSHD,
GSIT,36
GSKY,
GSRM,
GT,23
GTBP,13
GTE,30
GTHX,
GTIM,43
GTLB,
GTLS,20
GTN,32
GTPA,
GTPB,
GTS,45
GTX,24
GTYH,
GURE,34
GVA,18
GVP,34
GWAV,
GWB,44
GWGH,
GWH,47
GWII,
GWRE,34
GWRS,
GWW,41
GXII,
GXO,34
GYRO,
H,43
HA,40
HAAC,
HAE,12
HAFC,44
HAIN,2
HAL,30
HALL,45
HALO,13
HARP,
HAS,6
HAYN,19
HAYW,21
HBAN,44
HBB,9
HBCP,
HBI,16
HBIO,37
HBMD,44
HBNC,44
HBP,41
HBT,
HCA,11
HCAR,
HCAT,
HCC,29
HCCC,
HCCI,48
HCDI,
HCI,45
HCIC,
HCII,
HCKT,34
HCNE,
HCP,
HCSG,34
HCTI,
HCVI,
HCWB,
HD,42
HDSN,14
HE,47
HEAR,
HEES,34
HEI,24
HEPA,13
HES,30
HESM,30
HFBL,44
HFC,30
HFFG,
HFWA,44
HGBL,11
HGEN,
HGSH,34
HGTY,45
HGV,43
HHC,47
HHS,34
HI,34
HIBB,42
HIFS,44
HIG,45
HII,25
HIII,
HIL,34
HILS,
HIMS,47
HIPO,45
HL,27
HLAH,
HLBZ,
HLGN,18
HLI,47
HLIO,17
HLIT,22
HLLY,47
HLMN,
HLNE,
HLT,43
HLTH,
HLVX,
HLX,30
HMA,34
HMCO,
HMHC,
HMN,45
HMNF,44
HMPT,
HMST,
HMTV,32
HNGR,32
HNI,38
HNNA,47
HNRA,47
HNRG,30
HNST,
HNVR,
HOFT,9
HOFV,
HOG,9
HOLX,12
HOMB,47
HON,24
HONE,
HOOD,
HOOK,
HOPE,44
HOTH,
HOUR,
HOUS,46
HOV,18
HOWL,
HP,30
HPCO,
HPE,34
HPK,
HPLT,
HPQ,35
HQI,
HQY,
HRB,33
HRI,34
HRL,2
HRMY,
HROW,28
HRT,34
HRTG,45
HRTX,14
HSC,34
HSCS,
HSDT,
HSIC,41
HSII,34
HSKA,13
HSON,34
HSTM,33
HSTO,
HSY,3
HTBI,
HTBK,44
HTBX,13
HTCR,
HTGM,
HTH,44
HTLD,40
HTLF,44
HTZ,33
HUBB,22
HUBG,40
HUBS,34
HUDA,
HUGS,47
HUM,45
HUMA,
HUN,14
HURC,21
HURN,34
HUSA,30
HVBC,
HVT,42
HWBK,44
HWC,44
HWEL,
HWKN,41
HWKZ,47
HWM,19
HXL,24
HY,41
HYAC,
HYFM,
HYLN,47
HYMC,
HYPR,
HYRE,
HYZN,
HZN,23
HZO,42
IAA,41
IAC,32
IART,13
IAS,
IBCP,44
IBIO,13
IBKR,47
IBM,35
IBOC,44
IBP,18
IBRX,
IBTX,
ICAD,35
ICCC,13
ICCH,
ICD,30
ICE,47
ICFI,34
ICPT,
ICU,
ICUI,12
ICVX,
ID,47
IDA,31
IDAI,
IDCC,36
IDEX,42
IDN,34
IDR,27
IDRA,13
IDT,42
IDW,47
IDXX,13
IDYA,
IE,18
IEA,
IESC,18
IEX,21
IFF,14
IGAC,
IGAP,
IGC,34
IGMS,
IGNY,
IGTA,
IHC,45
IHRT,
III,34
IIII,
IIIN,17
IIIV,
IIN,36
IIVI,37
IKNA,
IKT,
ILMN,37
IMAC,
IMAQ,
IMBI,42
IMGN,13
IMGO,
IMH,44
IMKTA,42
IMMR,35
IMMX,
IMNM,
IMNN,13
IMPL,
IMRA,
IMRX,
IMUX,
IMVT,
IMXI,
INAB,
INAQ,47
INBK,44
INBS,
INBX,
INCY,34
INDB,44
INDI,
INDP,
INFA,34
INFI,13
INFN,36
INFU,12
INGN,
INGR,2
INKA,
INKT,
INLX,34
INMB,
INNV,
INO,37
INOD,34
INPX,
INSE,
INSG,32
INSM,13
INSP,12
INST,34
INT,41
INTA,
INTC,36
INTE,
INTG,46
INTT,37
INTU,34
INTZ,36
INUV,34
INVA,13
INVE,35
INVO,
INZY,
IO,34
IOBT,
IONM,
IONQ,47
IONS,13
IOR,47
IOSP,14
IOT,41
IOVA,40
IP,38
IPAR,41
IPDN,
IPG,34
IPGP,36
IPI,28
IPSC,
IPVA,47
IPVF,47
IPVI,
IPW,
IPWR,
IQMD,
IQV,34
IR,21
IRAA,
IRBT,34
IRDM,32
IRIX,12
IRMD,
IRNT,34
IRON,
IROQ,
IRRX,34
IRTC,
IRWD,
ISAA,
ISBC,47
ISDR,34
ISEE,
ISIG,41
ISLE,
ISO,
ISPC,
ISPO,
ISR,12
ISRG,12
ISSC,36
ISTR,44
ISUN,
IT,34
ITAQ,
ITCI,
ITGR,32
ITI,36
ITIC,45
ITOS,
ITP,34
ITRI,35
ITT,21
ITW,21
IVAC,21
IVC,12
IVDA,
IVVD,
IZEA,
J,34
JACK,43
JAGX,
JAKK,6
JAMF,
JAN,42
JANX,
JAQC,
JBHT,40
JBI,47
JBL,36
JBLU,40
JBSS,3
JBT,21
JCS,22
JEF,47
JELD,17
JEWL,
JILL,42
JJSF,2
JKHY,35
JLL,46
JMAC,
JMSB,
JNCE,
JNJ,12
JNPR,35
JOAN,
JOB,34
JOBY,47
JOE,46
JOFF,
JOUT,6
JPM,44
JRSH,
JSPR,
JUN,47
JUPW,
JVA,2
JW,8
JWAC,
JWN,42
JXN,45
JYAC,
JYNT,
K,2
KA,
KAHC,34
KAI,21
KALA,
KALU,19
KALV,
KAMN,41
KAR,41
KAVL,
KBAL,6
KBH,18
KBNT,
KBR,18
KD,34
KDNY,
KDP,3
KE,
KELYA,34
KELYB,34
KEQU,41
KERN,
KEX,40
KEY,44
KEYS,37
KFFB,44
KFRC,34
KFY,34
KHC,
KIDS,
KIND,47
KINS,47
KINZ,
KIRK,42
KITT,
KKR,42
KLAC,37
KLAQ,
KLDO,
KLIC,21
KLR,47
KLTR,
KLXE,
KMB,38
KMI,31
KMPH,
KMPR,45
KMT,21
KMX,42
KN,6
KNBE,
KNDI,23
KNSL,45
KNSW,47
KNTE,
KNTK,30
KNW,37
KNX,40
KO,3
KOD,
KODK,9
KOP,41
KOPN,36
KORE,47
KOS,30
KOSS,6
KPLT,
KPRX,
KPTI,
KR,42
KRA,14
KRBP,
KRMD,12
KRNY,44
KRO,14
KRON,
KROS,
KRT,
KRTX,
KRUS,
KRYS,
KSCP,
KSI,
KSPN,42
KSS,42
KTB,16
KTCC,35
KTOS,32
KTRA,
KTTA,
KULR,36
KURA,
KVHI,36
KVSA,
KVSC,
KW,46
KWAC,47
KWR,30
KYMR,
KZR,
L,45
LAB,
LABP,
LAD,42
LAKE,12
LANC,2
LARK,44
LASE,
LASR,
LAUR,
LAW,34
LAWS,41
LAZR,
LAZY,
LBAI,47
LBC,
LBPH,
LBRDA,
LBRDK,
LBRT,30
LC,44
LCA,
LCAP,
LCI,13
LCID,47
LCII,23
LCNB,44
LCTX,13
LCUT,41
LDI,34
LDOS,
LE,
LEA,23
LECO,21
LEDS,
LEE,8
LEG,9
LEGH,
LEN,18
LESL,
LEU,18
LEVI,10
LEVL,
LEXX,
LFAC,
LFCR,14
LFG,31
LFLY,
LFMD,
LFST,
LFTR,
LFUS,36
LFVN,47
LGIH,
LGL,36
LGMK,34
LGND,13
LGTO,
LGV,34
LGVN,
LH,11
LHAA,
LHCG,11
LHDX,
LHX,36
LIBY,
LIDR,
LIFE,
LII,22
LINC,33
LIND,
LINK,36
LION,
LIPO,
LIQT,47
LITE,
LITT,
LIVE,34
LIXT,
LJAQ,
LJPC,13
LKFN,44
LKQ,41
LL,41
LLAP,47
LLNW,34
LLY,13
LMACA,
LMAO,
LMAT,12
LMB,
LMFA,
LMND,45
LMNR,
LMPX,
LMST,47
LMT,26
LNC,45
LNDC,14
LNG,31
LNKB,
LNN,21
LNSR,
LNT,31
LNTH,
LNW,35
LOAN,8
LOB,44
LOCC,47
LOCL,34
LOCO,43
LODE,27
LOGC,
LOKM,47
LOOP,
LOPE,
LOTZ,
LOVE,
LOW,42
LPCN,2
LPI,30
LPLA,
LPRO,
LPSN,34
LPTH,
LPTV,34
LPTX,
LPX,17
LQDA,
LQDT,34
LRCX,21
LRMR,
LRN,33
LSAK,34
LSBK,44
LSCC,36
LSEA,
LSF,2
LSPR,
LSTA,11
LSTR,40
LSXMA,
LSXMB,
LSXMK,
LTBR,28
LTCH,
LTH,7
LTHM,14
LTRN,
LTRPA,
LTRPB,
LTRX,35
LTRY,
LUB,43
LUCD,
LUCY,
LULU,42
LUMN,32
LUMO,
LUNA,34
LUNG,
LUV,40
LUXA,
LUXH,
LVAC,
LVLU,
LVO,
LVOX,
LVS,43
LVWR,47
LW,2
LWAY,2
LWLG,
LXRX,34
LXU,14
LYEL,
LYFT,
LYLT,
LYRA,
LYTS,22
LYV,34
LZ,
LZB,41
M,42
MA,34
MAAQ,
MACC,47
MACK,
MACU,
MAIA,34
MAN,34
MANH,34
MANT,34
MAPS,
MAQC,
MAR,43
MARA,
MARK,32
MAS,17
MASI,12
MASS,
MAT,6
MATV,38
MATW,19
MATX,40
MAX,45
MAXR,34
MAYS,46
MBAC,47
MBC,42
MBCN,
MBI,45
MBII,41
MBIN,
MBIO,
MBLY,
MBOT,13
MBRX,
MBSC,47
MBUU,
MBWM,44
MC,47
MCAC,
MCAE,
MCAF,
MCAG,
MCB,47
MCBC,47
MCBS,
MCD,43
MCFE,
MCFT,
MCG,34
MCHP,36
MCHX,34
MCK,41
MCMJ,
MCO,34
MCRB,
MCRI,7
MCS,43
MCVT,
MCW,33
MCY,45
MD,11
MDB,
MDC,18
MDGL,13
MDH,47
MDIA,
MDLZ,2
MDRX,34
MDU,31
MDVL,42
MDWT,
MDXG,
ME,47
MEAC,
MEC,21
MED,2
MEDP,
MEDS,
MEG,34
MEI,36
MEIP,13
MELI,34
MEOA,
MERC,38
MESA,
MET,45
META,34
METC,
MFIN,44
MG,34
MGAM,
MGEE,31
MGI,34
MGLD,47
MGLN,11
MGM,43
MGNI,34
MGNX,
MGPI,4
MGRC,42
MGTA,
MGY,42
MGYR,47
MHH,35
MHK,17
MHO,18
MICS,6
MICT,36
MIDD,21
MIGI,
MILE,
MIMO,34
MIND,34
MINM,
MIR,37
MIRM,
MIRO,
MIT,47
MITK,34
MITQ,9
MKC,2
MKFG,35
MKL,45
MKSI,37
MKTW,47
MKTX,47
ML,34
MLAB,12
MLAI,
MLI,20
MLKN,38
MLM,28
MLNK,34
MLP,46
MLR,23
MLSS,12
MLVF,44
MMAT,7
MMC,45
MMI,46
MMM,17
MMMB,
MMS,34
MMSI,12
MN,47
MNDT,
MNKD,13
MNOV,13
MNPR,
MNRL,30
MNRO,33
MNSB,
MNST,3
MNTK,
MNTN,47
MNTS,31
MNTV,
MNTX,23
MO,5
MOBQ,
MOBV,
MOD,23
MODD,
MODG,6
MODN,34
MODV,33
MOFG,44
MOG,36
MOGB,36
MOH,11
MON,
MOND,
MORF,
MORN,47
MOS,14
MOTS,
MOV,9
MOVE,
MP,46
MPAA,22
MPB,44
MPC,30
MPLN,34
MPRA,
MPTI,36
MPWR,36
MPX,6
MQ,
MRAI,
MRAM,
MRBK,
MRC,41
MRCY,36
MRIN,34
MRK,13
MRKR,
MRLN,34
MRNA,
MRNS,
MRO,30
MRSN,
MRTN,40
MRTX,
MRVI,
MRVL,36
MS,47
MSA,12
MSBI,
MSCI,34
MSEX,31
MSFT,34
MSGE,7
MSGM,
MSGS,32
MSI,36
MSM,41
MSN,6
MSP,34
MSPR,
MSTR,34
MSVB,
MTAC,
MTB,44
MTBC,
MTCH,
MTCR,
MTD,37
MTDR,30
MTEM,13
MTEX,13
MTG,45
MTH,18
MTMT,34
MTN,43
MTNB,13
MTOR,23
MTRN,20
MTRX,18
MTRY,
MTSI,
MTTR,
MTW,21
MTX,14
MTZ,34
MU,36
MUDS,
MULN,
MUR,30
MURF,
MUSA,42
MUX,28
MVBF,
MVIS,37
MVST,
MWA,17
MX,36
MXC,3
MXCT,
MXL,36
MYE,15
MYFW,
MYGN,34
MYMD,
MYO,12
MYPS,
MYRG,
MYSZ,
NABL,34
NAII,13
NAOV,
NAPA,42
NARI,
NATH,43
NATI,35
NATR,13
NAUT,
NAVB,13
NAVI,
NBEV,
NBHC,44
NBIX,34
NBN,44
NBSE,45
NBST,
NBTB,44
NBXG,33
NBY,13
NC,9
NCBS,44
NCMI,34
NCNO,
NCPL,
NCR,35
NCRA,
NCSM,
NDAC,
NDAQ,47
NDLS,
NDRA,
NDSN,21
NECB,
NEE,31
NEM,27
NEO,36
NEOG,13
NEON,36
NEOV,
NEPH,
NERV,
NES,30
NET,34
NETC,47
NEU,14
NEWR,34
NEX,30
NEXI,
NEXT,
NFBK,47
NFE,
NFG,31
NFLX,7
NGC,47
NGM,
NGS,30
NGVC,42
NGVT,14
NH,
NHC,11
NHIC,
NHTC,41
NHWK,13
NI,31
NIC,44
NILE,36
NINE,30
NJR,31
NKE,10
NKLA,
NKSH,44
NKTR,13
NKTX,
NL,22
NLIT,
NLOK,34
NLS,7
NLTX,
NMIH,
NMMC,
NMRD,
NMRK,
NMTC,
NMTR,
NN,
NNBR,21
NNI,44
NNVC,34
NOAC,
NOC,36
NODK,
NOG,30
NOGN,
NOTE,47
NOTV,37
NOV,21
NOVA,31
NOVN,
NOW,34
NP,38
NPAB,
NPCE,
NPK,16
NPO,15
NPTN,36
NR,21
NRBO,
NRC,34
NRDS,
NRDY,34
NRG,31
NRGV,22
NRIM,44
NRIX,
NRXP,
NSC,40
NSEC,45
NSIT,41
NSP,34
NSPR,11
NSSC,36
NSTB,47
NSTC,47
NSTD,47
NSTG,
NSTS,
NSYS,36
NTAP,35
NTCT,34
NTGR,36
NTIC,38
NTIP,34
NTLA,
NTNX,
NTRA,
NTRB,
NTRS,44
NTUS,12
NTWK,34
NUAN,34
NUBI,
NUE,17
NURO,12
NUS,9
NUTX,
NUVA,12
NUVB,47
NUVL,
NUWE,
NUZE,
NVAC,
NVAX,13
NVCT,
NVDA,36
NVEC,36
NVEE,
NVFY,28
NVIV,41
NVNO,
NVOS,
NVR,18
NVRO,12
NVST,12
NVTA,34
NVTS,47
NVVE,
NWBI,44
NWE,31
NWFL,44
NWL,15
NWLI,45
NWN,31
NWPX,19
NWS,
NWSA,
NX,17
NXGL,
NXGN,34
NXL,
NXPL,
NXST,32
NXTC,
NXTD,34
NXTP,
NXU,47
NYCB,44
NYT,8
OABI,
OAS,
OB,
OBCI,42
OBLG,41
OBNK,
OBT,
OC,17
OCA,47
OCAX,
OCC,19
OCFC,44
OCGN,
OCN,44
OCUL,13
OCUP,7
OCX,11
ODC,9
ODFL,40
ODP,42
ODT,
OEG,34
OEPW,
OESX,22
OFED,
OFG,44
OFIX,12
OFLX,17
OGE,31
OGEN,13
OGN,13
OGS,30
OHAA,
OHPA,
OI,39
OIG,34
OII,30
OIS,21
OKE,31
OKTA,
OLB,
OLED,35
OLIT,
OLLI,
OLMA,
OLN,14
OLO,34
OLPX,
OM,
OMC,34
OMCL,35
OMER,
OMEX,40
OMF,44
OMGA,
OMI,41
OMIC,
OMQS,
ON,36
ONB,44
ONCR,
ONCS,34
ONCT,13
ONDS,
ONEM,
ONEW,
ONFO,
ONTF,32
ONTO,37
ONTX,
ONVO,46
OOMA,34
OPAD,47
OPAL,
OPBK,
OPCH,11
OPEN,47
OPFI,34
OPGN,
OPHC,44
OPK,13
OPNT,
OPOF,44
OPRT,
OPRX,
OPTN,
OPTT,22
OPY,47
ORA,31
ORCL,34
ORGN,
ORGO,
ORGS,
ORI,45
ORIC,
ORLY,42
ORMP,28
ORN,18
ORRF,44
OSA,
OSAT,
OSBC,44
OSCR,45
OSG,40
OSH,11
OSI,47
OSIS,37
OSK,23
OSPN,35
OSS,
OSTK,42
OSTR,
OSUR,13
OTEC,
OTIC,
OTIS,36
OTLK,
OTRA,
OTRK,
OTTR,31
OUST,47
OUT,34
OVBC,44
OVID,
OVLY,
OWL,47
OWLT,47
OXM,32
OXY,30
OYST,
OZK,44
PACB,
PACI,47
PACK,2
PACW,44
PAE,
PAFO,
PAG,42
PAHC,
PAIC,
PALI,13
PALT,
PANW,34
PAR,34
PARA,32
PARAA,32
PARR,30
PASG,
PATH,42
PATI,
PATK,41
PAVM,
PAY,34
PAYA,
PAYC,34
PAYO,
PAYS,
PAYX,34
PB,44
PBAX,
PBBK,
PBCT,44
PBF,30
PBFS,
PBH,13
PBHC,44
PBI,34
PBIP,44
PBLA,
PBPB,
PBYI,13
PCAR,23
PCB,
PCG,31
PCOR,34
PCPC,47
PCRX,
PCSA,
PCSB,
PCT,
PCTI,34
PCTY,
PCVX,
PCX,
PCYG,34
PCYO,21
PD,34
PDCE,30
PDCO,42
PDEX,11
PDFS,34
PDLB,
PDSB,
PEAR,
PEBK,44
PEBO,44
PECO,
PED,30
PEG,31
PEGA,34
PEGY,22
PEN,12
PENN,7
PEP,3
PEPG,
PESI,48
PET,
PETQ,
PETS,42
PETV,
PEV,
PFBC,44
PFC,44
PFE,13
PFG,45
PFGC,41
PFHC,
PFHD,
PFIE,42
PFIN,21
PFIS,47
PFMT,
PFS,44
PFSI,44
PFSW,34
PG,9
PGC,47
PGEN,34
PGNY,
PGR,45
PGRW,
PGTI,17
PH,21
PHAS,
PHAT,
PHGE,13
PHIO,13
PHM,18
PHR,11
PHUN,
PHX,30
PI,
PICC,47
PII,23
PIII,
PIK,
PINC,
PING,34
PINS,34
PIPP,47
PIPR,47
PIRS,
PIXY,
PJT,47
PK,43
PKBK,44
PKBO,
PKE,36
PKG,38
PKI,12
PKOH,20
PL,47
PLAB,36
PLAG,2
PLAN,34
PLAY,
PLBC,44
PLBY,
PLCE,42
PLL,
PLMR,
PLNT,7
PLOW,21
PLPC,22
PLRX,
PLSE,
PLTK,
PLTR,34
PLUG,22
PLUR,34
PLUS,44
PLX,13
PLXP,
PLXS,36
PM,5
PMCB,
PMD,11
PMGM,
PMTS,
PMVC,34
PMVP,
PNAC,
PNBK,44
PNC,44
PNFP,44
PNM,31
PNRG,30
PNT,
PNTG,
PNW,31
POAI,12
POCI,37
PODD,12
POL,34
POLA,
POLY,36
PONO,
POOL,41
POR,31
PORT,34
POSH,
POST,2
POWI,36
POWL,37
POWW,10
PPBI,
PPC,2
PPG,14
PPHP,
PPIH,16
PPL,32
PPSI,33
PPYA,
PR,27
PRA,45
PRAA,44
PRAX,
PRBM,47
PRCH,
PRCT,
PRDO,33
PRDS,
PRFT,34
PRG,34
PRGS,34
PRI,45
PRIM,18
PRK,44
PRLB,17
PRLD,
PRME,
PRO,34
PROG,
PROV,44
PRPH,13
PRPL,
PRPO,37
PRSO,36
PRST,
PRTH,
PRTK,13
PRTS,42
PRTY,42
PRU,45
PRVA,
PRVB,
PSAG,
PSMT,42
PSN,35
PSNL,
PSPC,47
PSTG,35
PSTH,47
PSTI,34
PSTV,12
PSTX,
PSX,30
PTC,34
PTCT,
PTE,34
PTEN,30
PTGX,
PTIC,
PTIX,34
PTLO,
PTN,13
PTOC,
PTON,
PTPI,
PTRA,
PTRS,
PTSI,40
PTVE,
PTWO,
PUBM,
PUCK,
PULM,
PUMP,30
PVBC,
PVH,10
PWFL,34
PWOD,44
PWP,
PWR,18
PWSC,34
PX,47
PXD,30
PXLW,36
PXMD,
PYCR,
PYPL,
PYXS,
PZG,28
PZN,47
PZZA,43
QBTS,47
QCOM,36
QCRH,44
QDEL,13
QFTA,47
QLGN,
QLYS,
QMCO,35
QNCX,
QNGY,47
QNST,
QOMO,
QRHC,34
QRTEA,32
QRTEB,32
QRVO,36
QS,18
QSI,
QTEK,
QTRX,
QTWO,34
QUAD,34
QUBT,
QUIK,36
QUMU,35
QUOT,34
R,33
RACB,
RACY,
RAD,42
RADI,
RAIL,25
RAIN,
RAMP,34
RANI,
RAPT,
RARE,
RAVE,43
RBB,
RBBN,36
RBC,21
RBCAA,44
RBCN,36
RBKB,
RBLX,34
RBNC,44
RBOT,34
RBT,47
RCAC,
RCAT,
RCEL,
RCHG,
RCII,34
RCKT,
RCKY,10
RCLF,
RCM,34
RCMT,34
RCOR,47
RCRT,
RCUS,13
RDBX,
RDFN,
RDI,44
RDIB,44
RDN,45
RDNT,11
RDUS,13
RDVT,
RDW,26
REAL,
REBN,
REED,3
REFR,36
REGI,
REGN,13
REI,30
REKR,
RELI,
RELL,41
RELY,
RENO,
RENT,
REPH,
REPL,
REPX,30
RES,41
RESN,
RETA,
REV,9
REVB,
REVE,
REVG,23
REVH,
REX,14
REYN,
REZI,22
RF,44
RFAC,
RFIL,36
RFL,47
RFP,17
RGA,45
RGCO,31
RGEN,13
RGF,
RGLD,47
RGLS,
RGNX,
RGP,34
RGR,26
RGS,33
RGTI,47
RH,42
RHE,11
RHI,34
RIBT,2
RICK,43
RIDE,
RIGL,34
RILY,34
RIOT,13
RIVN,
RJAC,47
RJF,47
RKDA,
RKLB,
RKT,44
RL,10
RLAY,
RLGT,40
RLGY,46
RLI,45
RLMD,
RLYB,
RM,44
RMAX,47
RMBI,
RMBL,
RMBS,36
RMCF,2
RMD,32
RMED,22
RMNI,
RMO,23
RMR,
RMTI,12
RNA,
RNAZ,
RNDB,44
RNER,
RNG,34
RNGR,30
RNST,44
RNWK,34
RNXT,
ROAD,
ROC,
ROCC,
ROCG,
ROCK,19
ROCL,
ROCR,
ROG,14
ROK,22
ROKU,
ROL,34
ROLL,21
ROOT,
ROP,37
ROST,42
ROVR,
RPAY,
RPD,
RPHM,
RPID,
RPM,14
RRBI,
RRC,30
RRD,34
RRGB,43
RRR,
RRX,22
RS,41
RSG,48
RSI,7
RSLS,
RSSS,
RSVR,
RTX,24
RUBY,
RUM,
RUN,
RUSHA,42
RUSHB,42
RUTH,43
RVAC,
RVLV,34
RVMD,
RVNC,
RVP,12
RVPH,
RVSB,44
RVYL,
RWAY,
RWOD,
RXDX,
RXO,34
RXRA,
RXRX,
RXST,
RXT,
RYAM,14
RYAN,45
RYI,41
RYTM,
RZLT,
S,34
SABR,
SABS,
SAFM,2
SAFT,45
SAGA,
SAGE,
SAH,42
SAIA,40
SAIC,35
SAIL,34
SAL,44
SALM,32
SAM,4
SAMA,
SAMG,
SANA,
SANB,
SANM,36
SANW,
SASI,
SASR,44
SATS,36
SAVA,13
SAVE,40
SBCF,44
SBEA,
SBEV,11
SBFG,44
SBFM,
SBGI,32
SBH,42
SBIG,
SBII,47
SBNY,44
SBOW,30
SBSI,44
SBT,
SBTX,
SBUX,43
SC,47
SCAQ,
SCCO,28
SCHL,8
SCHN,19
SCHW,47
SCI,33
SCKT,35
SCL,14
SCLE,
SCLX,
SCMA,
SCOR,34
SCPH,
SCPL,
SCPS,
SCS,38
SCSC,41
SCTL,
SCU,47
SCVL,42
SCWO,13
SCWX,
SCX,21
SCYX,
SD,30
SDAC,
SDC,
SDGR,
SDIG,
SDPI,41
SEAC,22
SEAH,47
SEAS,7
SEAT,
SEB,2
SEDG,
SEE,38
SEEL,13
SEER,
SEIC,47
SELB,
SEM,11
SEMR,34
SENEA,2
SENEB,2
SENS,37
SERA,
SES,47
SESN,
SF,47
SFBC,44
SFBS,47
SFE,47
SFIX,
SFM,42
SFNC,44
SFR,
SFST,44
SFT,
SG,43
SGA,32
SGBX,
SGC,10
SGEN,13
SGFY,11
SGHL,
SGHT,
SGII,
SGLB,
SGLY,
SGMA,22
SGMO,34
SGMS,35
SGRP,34
SGRY,
SGTX,
SHAC,
SHAK,43
SHBI,30
SHC,
SHCA,
SHCR,
SHEN,32
SHFS,
SHLS,
SHOO,10
SHPH,
SHPW,41
SHQA,
SHW,14
SHYF,23
SI,44
SIBN,
SIDU,
SIEB,47
SIEN,
SIER,47
SIF,24
SIGA,13
SIGI,45
SILK,
SILO,
SINO,
SINT,12
SIOX,13
SIRI,32
SISI,
SITE,14
SITM,
SIVB,44
SIX,34
SJI,31
SJM,2
SJW,31
SKIL,34
SKIN,
SKLZ,34
SKX,10
SKY,17
SKYH,47
SKYT,
SKYW,40
SKYX,
SLAB,36
SLAC,47
SLCA,28
SLDB,
SLDP,
SLGC,
SLGG,6
SLGN,39
SLM,44
SLNG,20
SLNH,37
SLNO,
SLP,35
SLQT,45
SLRX,
SLS,34
SLVM,38
SM,30
SMAP,
SMAR,42
SMBC,44
SMBK,
SMCI,35
SMED,12
SMFL,
SMFR,
SMG,1
SMHI,40
SMID,17
SMIT,21
SMLR,
SMMF,44
SMMT,
SMP,23
SMPL,
SMR,17
SMRT,34
SMSI,34
SMTC,36
SMTI,40
SNA,42
SNAL,
SNAP,34
SNAX,
SNBR,9
SNCE,
SNCR,34
SNCY,
SND,30
SNDA,11
SNDR,40
SNDX,
SNES,
SNEX,47
SNFCA,44
SNGX,
SNOA,12
SNOW,34
SNPO,
SNPS,34
SNPX,
SNRH,
SNSE,
SNTI,
SNV,44
SNX,41
SO,31
SOBR,
SOFI,47
SOFO,34
SOI,21
SOLO,
SON,38
SOND,
SONM,
SONN,34
SONO,
SONX,12
SOPA,
SOTK,22
SOUN,
SOVO,
SP,33
SPAQ,47
SPB,9
SPCE,47
SPFI,
SPGI,47
SPGS,47
SPIR,47
SPK,
SPLK,
SPNE,
SPOK,32
SPPI,34
SPR,24
SPRB,
SPRO,
SPRU,23
SPRY,
SPSC,
SPT,
SPTK,
SPTN,41
SPWH,
SPWR,36
SPXC,20
SQ,34
SQL,
SQSP,34
SQZ,12
SR,8
SRAX,
SRCE,44
SRCL,48
SRDX,14
SRE,31
SREV,
SRGA,34
SRI,32
SRNE,
SRPT,13
SRRA,
SRRK,
SRT,34
SRTS,
SRZN,47
SSAA,
SSB,44
SSBI,44
SSBK,
SSD,17
SSKN,12
SSNC,
SSNT,34
SSP,8
SST,47
SSTI,
SSTK,34
SSY,11
STAA,12
STAB,34
STAF,43
STBA,44
STC,45
STCN,47
STEL,
STEM,47
STEP,
STER,
STFC,45
STGW,34
STIM,
STKS,
STL,44
STLD,19
STOK,
STON,34
STR,30
STRA,33
STRC,47
STRL,18
STRM,35
STRN,
STRO,
STRR,12
STRS,46
STRT,23
STRY,32
STSA,
STSS,
STT,44
STTK,
STXB,
STXS,12
STZ,4
SUAC,47
SUM,28
SUMO,
SUMR,41
SUNL,47
SUNW,
SUP,23
SUPN,
SURF,
SURG,
SVFD,
SVRA,13
SVT,24
SWAG,
SWAV,
SWBI,26
SWCH,42
SWET,
SWI,34
SWIM,
SWK,17
SWKH,
SWKS,36
SWM,38
SWN,30
SWSS,
SWTX,
SWX,31
SXC,19
SXI,21
SXT,2
SYBT,47
SYBX,
SYF,44
SYK,12
SYM,
SYN,13
SYNA,36
SYNH,
SYNL,17
SYPR,37
SYRS,
SYY,41
SZZL,
T,32
TA,42
TACO,
TACT,35
TAIT,41
TALK,
TALO,30
TALS,
TAP,4
TARA,
TARS,
TASK,
TAST,43
TAYD,21
TBBK,44
TBCP,
TBI,34
TBK,
TBLT,
TBNK,
TCBC,
TCBI,44
TCBK,44
TCBS,
TCBX,
TCDA,
TCFC,44
TCI,47
TCMD,
TCOA,47
TCON,
TCRR,
TCRT,11
TCRX,
TCS,42
TCX,34
TDC,35
TDG,24
TDOC,11
TDS,32
TDUP,
TDW,40
TDY,34
TEAM,
TECH,13
TELA,
TELL,34
TEN,23
TENB,
TENX,34
TER,37
TERN,
TESS,41
TETC,
TEX,23
TFC,47
TFFP,
TFIN,
TFSL,47
TFX,12
TG,15
TGAN,
TGI,24
TGL,
TGNA,7
TGR,47
TGT,42
TGTX,13
TGVC,
TH,
THC,11
THCA,
THCP,
THFF,44
THG,45
THMO,21
THO,23
THR,34
THRD,
THRM,41
THRN,
THRX,
THRY,
THS,2
TIG,
TIL,
TILE,16
TIPT,34
TISI,34
TITN,41
TIVC,
TJX,42
TKAT,12
TKNO,
TKR,21
TLF,10
TLGA,47
TLIS,
TLMD,
TLRY,
TLS,
TLYS,42
TMAC,47
TMBR,13
TMCI,
TMDX,
TMHC,18
TMKR,
TMO,37
TMP,44
TMPO,
TMST,19
TMUS,32
TMX,34
TNC,21
TNDM,
TNET,34
TNGX,
TNL,43
TNON,
TNXP,28
TNYA,
TOI,
TOL,18
TOMZ,
TOST,34
TOVX,13
TOWN,44
TPB,5
TPC,18
TPG,
TPH,18
TPHS,47
TPIC,
TPL,47
TPR,9
TPST,13
TPTX,
TPX,9
TR,3
TRC,46
TRDA,
TREC,30
TREE,
TREX,
TRGP,30
TRHC,
TRIN,
TRIP,
TRKA,
TRMB,36
TRMK,47
TRN,25
TRNS,36
TROW,47
TRS,22
TRST,44
TRT,21
TRU,34
TRUE,34
TRUP,45
TRV,45
TRVI,
TRVN,
TSBK,44
TSC,
TSCO,42
TSHA,
TSIB,
TSLA,
TSN,2
TSP,
TSPQ,47
TSQ,32
TSRI,34
TSVT,
TTC,21
TTCF,
TTD,
TTEC,34
TTEK,34
TTGT,34
TTI,30
TTMI,36
TTNP,13
TTOO,
TTSH,
TTWO,34
TUEM,42
TUP,15
TUSK,
TVAC,
TVTX,
TVTY,11
TW,
TWCB,
TWI,19
TWIN,21
TWKS,
TWLO,32
TWLV,
TWND,47
TWNK,
TWOU,
TWST,
TWTR,34
TXG,
TXMD,30
TXN,36
TXRH,43
TXT,24
TYDE,
TYL,34
TYME,
TYRA,
TZOO,8
U,34
UA,10
UAA,10
UAL,40
UAMY,19
UAVS,24
UBCP,44
UBER,40
UBFO,44
UBOH,44
UBSI,44
UBX,
UCBI,44
UCTT,36
UDMY,
UEC,28
UEIC,6
UEPS,34
UFAB,15
UFCS,45
UFI,18
UFPI,17
UFPT,15
UG,13
UGI,31
UGRO,
UHAL,47
UHALB,47
UHS,11
UI,35
UIHC,
UIS,35
ULBI,22
ULCC,
ULH,40
ULTA,42
UMBF,44
UMPQ,44
UNAM,45
UNB,44
UNCY,
UNF,34
UNFI,41
UNH,45
UNM,45
UNP,40
UNTY,44
UNVR,41
UONE,32
UONEK,32
UP,47
UPH,11
UPLD,
UPS,40
UPST,
UPTD,
UPWK,
UPXI,
URBN,42
URI,34
USAK,40
USAP,19
USAU,35
USB,44
USCB,
USEG,28
USER,34
USFD,41
USIO,34
USLM,17
USM,32
USNA,13
USPH,11
USWS,
USX,40
UTHR,13
UTI,33
UTL,31
UTMD,12
UTRS,
UTZ,47
UUU,36
UVE,45
UVSP,44
UVV,41
UWMC,44
V,34
VABK,
VAC,46
VALU,8
VANI,
VAPO,12
VATE,32
VAXX,
VBFC,44
VBOC,
VBTX,
VC,23
VCEL,13
VCNX,
VCRA,36
VCSA,
VCTR,
VCYT,
VEC,34
VECO,21
VEEE,
VEEV,34
VEL,44
VELO,
VERA,
VERB,
VERI,
VERO,
VERU,15
VERV,
VERX,
VERY,
VFC,10
VG,32
VGR,5
VHAQ,47
VHC,47
VHI,14
VIA,31
VIAC,32
VIACA,32
VIAV,36
VICR,41
VIEW,
VIGL,
VII,
VINC,
VINE,41
VINO,
VIR,
VIRC,
VIRI,
VIRT,
VIRX,13
VISL,
VITL,
VIVE,
VIVK,
VIVO,13
VKTX,
VLCN,
VLD,21
VLDR,47
VLGEA,42
VLO,30
VLON,
VLTA,42
VLY,44
VMAC,
VMC,28
VMEO,
VMGA,
VMI,17
VMW,34
VNCE,47
VNDA,13
VNE,23
VNRX,11
VNT,37
VOLT,34
VOR,
VORB,
VOXX,41
VOYA,45
VPCC,34
VPG,36
VRA,
VRAR,
VRAY,
VRCA,
VRDN,
VREX,
VRM,
VRME,
VRNS,22
VRNT,35
VRPX,
VRRM,
VRS,38
VRSK,
VRSN,34
VRT,36
VRTS,
VRTV,41
VRTX,13
VSAC,
VSAT,22
VSCO,42
VSEC,34
VSH,36
VST,31
VSTM,
VSTO,26
VTAQ,
VTGN,
VTIQ,
VTNR,36
VTOL,40
VTRS,
VTSI,
VTVT,
VTYX,
VUZI,37
VVI,34
VVNT,22
VVOS,
VVV,33
VVX,34
VWE,
VWTR,45
VXRT,41
VYGR,
VYNE,
VYNT,11
VZ,32
VZIO,6
W,42
WAB,25
WABC,44
WAFD,44
WAL,44
WARR,47
WASH,44
WAT,37
WATT,
WAVD,34
WAVS,
WBA,42
WBD,
WBEV,42
WBS,44
WBT,21
WCC,41
WD,46
WDAY,34
WDC,35
WDFC,30
WE,47
WEAV,35
WEBR,9
WEC,31
WEN,43
WERN,40
WEST,
WETF,8
WEX,34
WEYS,10
WFC,44
WFCF,
WGO,23
WH,43
WHD,21
WHG,47
WHLM,34
WHR,9
WINA,42
WING,
WINT,13
WINV,
WIRE,19
WISA,
WISH,
WK,34
WKHS,
WKSP,
WLDN,34
WLFC,41
WLK,14
WLL,30
WLMS,21
WLY,8
WLYB,8
WM,48
WMB,31
WMG,
WMK,42
WMPN,
WMS,15
WMT,42
WNC,23
WNEB,44
WOLF,36
WOOF,
WOR,19
WORX,
WOW,32
WRAC,47
WRAP,
WRB,45
WRBY,42
WRK,38
WRLD,44
WSBC,44
WSBF,44
WSC,
WSFS,44
WSM,42
WSO,41
WST,13
WSTG,42
WT,47
WTBA,44
WTER,
WTFC,44
WTI,30
WTMA,
WTRG,31
WTRH,
WTS,17
WTT,37
WTTR,30
WU,44
WULF,9
WVFC,44
WVVI,4
WW,33
WWD,24
WWE,7
WWR,28
WWW,10
WYNN,7
WYY,35
X,19
XAIR,
XBIO,
XBIT,
XCUR,
XEL,31
XELA,
XELB,
XENT,
XERS,
XFIN,
XFOR,
XGN,
XL,23
XLNX,36
XLO,
XM,
XMTR,
XNCR,
XOM,30
XOMA,13
XOS,
XPDB,
XPDI,
XPEL,
XPER,36
XPL,27
XPO,40
XPOA,47
XPOF,7
XPON,
XRAY,12
XRTX,
XRX,35
XSPA,32
XTNT,13
XWEL,32
XXII,34
XYL,21
Y,45
YCBD,34
YELL,40
YELP,43
YETI,6
YEXT,34
YMAB,
YMTX,
YORW,31
YOSH,
YOTA,
YOU,34
YSAC,47
YTEN,34
YUM,43
YUMC,43
Z,
ZBH,12
ZBRA,35
ZD,32
ZDGE,34
ZEN,34
ZEST,
ZETA,34
ZEUS,41
ZEV,23
ZFOX,47
ZG,
ZGNX,
ZI,
ZIMV,
ZING,
ZION,44
ZIOP,11
ZIP,34
ZIVO,
ZM,
ZNGA,
ZNTE,47
ZNTL,
ZOM,13
ZS,
ZSAN,13
ZT,
ZTEK,
ZTS,13
ZUMZ,42
ZUO,34
ZVIA,3
ZVO,33
ZVSA,
ZWRK,
ZWS,21
ZY,
ZYME,34
ZYNE,
ZYXI,
