ID,Label
OI,OI
MA,MA
AVCO,AVCO
HOV,HOV
LEU,LEU
ICD,ICD
ESPR,ESPR
CTRA,CTRA
DFS,DFS
CLAR,CLAR
ALV,ALV
CTSH,CTSH
K,K
MNRO,MNRO
FLT,FLT
ABT,ABT
KAR,KAR
TXG,TXG
BWB,BWB
AXDX,AXDX
DISCA,DISCA
POWL,POWL
MSON,MSON
UQM,UQM
WK,WK
RGEN,RGEN
LVS,LVS
SLGG,SLGG
INSY,INSY
ATKR,ATKR
CHEF,CHEF
FII,FII
NTAP,NTAP
FTNT,FTNT
ISCA,ISCA
ZSAN,ZSAN
MBUU,MBUU
PCTY,PCTY
WBT,WBT
ADPT,ADPT
REX,REX
FLIC,FLIC
URI,URI
GNE,GNE
ZAYO,ZAYO
SJW,SJW
DBX,DBX
CORT,CORT
ECL,ECL
PCG,PCG
FMC,FMC
LZB,LZB
FORM,FORM
IRTC,IRTC
VAR,VAR
AXGN,AXGN
AMC,AMC
AMRX,AMRX
SAUC,SAUC
XEC,XEC
JAG,JAG
TDY,TDY
MR,MR
NYCB,NYCB
PDLI,PDLI
YUMA,YUMA
RSG,RSG
PNC,PNC
CRAI,CRAI
BAX,BAX
EXPI,EXPI
PUMP,PUMP
EIGR,EIGR
AKER,AKER
LEN,LEN
PAYS,PAYS
HOMB,HOMB
IDXG,IDXG
CRM,CRM
OCX,OCX
TYL,TYL
LOGC,LOGC
AXE,AXE
SPWR,SPWR
EXPE,EXPE
HE,HE
MTDR,MTDR
TRU,TRU
AMAT,AMAT
ABM,ABM
ENT,ENT
SGYP,SGYP
ISR,ISR
ASTC,ASTC
SBH,SBH
ARQL,ARQL
ELLI,ELLI
CFFI,CFFI
CVLY,CVLY
GE,GE
GME,GME
COOP,COOP
UTI,UTI
PGR,PGR
RARE,RARE
ODFL,ODFL
NTRA,NTRA
CAG,CAG
SILK,SILK
DRRX,DRRX
NCI,NCI
DLTR,DLTR
FAF,FAF
BMCH,BMCH
BMS,BMS
LMB,LMB
PHAS,PHAS
LCI,LCI
PNFP,PNFP
LM,LM
FSLY,FSLY
MATW,MATW
HPQ,HPQ
MDB,MDB
FSS,FSS
GOOGL,GOOGL
SATS,SATS
NAVI,NAVI
BKE,BKE
LYFT,LYFT
BLNK,BLNK
MYRG,MYRG
BMI,BMI
ALGN,ALGN
OII,OII
MSI,MSI
KLAC,KLAC
NEE,NEE
FOXA,FOXA
VSM,VSM
WAFD,WAFD
GKOS,GKOS
TGNA,TGNA
NET,NET
REAL,REAL
SGRP,SGRP
OFG,OFG
BNGO,BNGO
BKNG,BKNG
BRSS,BRSS
WCC,WCC
CPSI,CPSI
GRA,GRA
ALG,ALG
MDP,MDP
MTSI,MTSI
SWN,SWN
III,III
BHF,BHF
NDLS,NDLS
NNVC,NNVC
TREE,TREE
SIGA,SIGA
AMGN,AMGN
CTXS,CTXS
SYK,SYK
SEB,SEB
ACHN,ACHN
AKRO,AKRO
CKPT,CKPT
SFLY,SFLY
GNW,GNW
GTT,GTT
EVI,EVI
TGC,TGC
FUV,FUV
MIK,MIK
CGNX,CGNX
EVH,EVH
QEP,QEP
DELL,DELL
BANC,BANC
IPG,IPG
SYMC,SYMC
FIBK,FIBK
HAS,HAS
EXEL,EXEL
PNW,PNW
OKTA,OKTA
ZFGN,ZFGN
DGX,DGX
CDMO,CDMO
TOL,TOL
KFY,KFY
SCVL,SCVL
EB,EB
JCP,JCP
DVN,DVN
EVBG,EVBG
XGN,XGN
TPR,TPR
FRC,FRC
UNFI,UNFI
BBIO,BBIO
KLIC,KLIC
NOW,NOW
SRCL,SRCL
LBRT,LBRT
TTNP,TTNP
FOXF,FOXF
SUPN,SUPN
RKDA,RKDA
CC,CC
TLRD,TLRD
EGHT,EGHT
CDZI,CDZI
CUTR,CUTR
FELE,FELE
WINR,WINR
CHD,CHD
FCCY,FCCY
MAS,MAS
CHRA,CHRA
LPSN,LPSN
FNLC,FNLC
OMC,OMC
BOOT,BOOT
CNO,CNO
TTS,TTS
GIS,GIS
BR,BR
CLCT,CLCT
T,T
CNK,CNK
LANC,LANC
SWKS,SWKS
SVMK,SVMK
ITRI,ITRI
FB,FB
WHR,WHR
NTRS,NTRS
CLDX,CLDX
NBEV,NBEV
DXR,DXR
PFG,PFG
ZYNE,ZYNE
KOOL,KOOL
FRAF,FRAF
MDRX,MDRX
BMY,BMY
TRVN,TRVN
COKE,COKE
BPMC,BPMC
BIG,BIG
IPGP,IPGP
STL,STL
RTEC,RTEC
SBNY,SBNY
ALCO,ALCO
INUV,INUV
ALXN,ALXN
DRNA,DRNA
BPTH,BPTH
BC,BC
SHW,SHW
ONTX,ONTX
BSX,BSX
ALLY,ALLY
VKTX,VKTX
WAGE,WAGE
MTCH,MTCH
TDOC,TDOC
FIT,FIT
ESE,ESE
TNAV,TNAV
PLAY,PLAY
INTT,INTT
NATR,NATR
BRC,BRC
WCG,WCG
ES,ES
PE,PE
CRNC,CRNC
OZK,OZK
WIN,WIN
NATI,NATI
CNBKA,CNBKA
VRTU,VRTU
BRK,BRK
EVTC,EVTC
ENSG,ENSG
BE,BE
EMN,EMN
HA,HA
RMBL,RMBL
MTRX,MTRX
FRTA,FRTA
BRKR,BRKR
OPK,OPK
ABC,ABC
UAL,UAL
INO,INO
SEIC,SEIC
ADUS,ADUS
OKE,OKE
EOG,EOG
CARE,CARE
PLUG,PLUG
SAIL,SAIL
CWT,CWT
CARG,CARG
RDUS,RDUS
IEC,IEC
TRK,TRK
EVC,EVC
VSH,VSH
TWOU,TWOU
OPTT,OPTT
CAI,CAI
HAE,HAE
IAC,IAC
THC,THC
CNSL,CNSL
MTSC,MTSC
PCAR,PCAR
PPG,PPG
CHGG,CHGG
WTT,WTT
KOD,KOD
CDAY,CDAY
AMRC,AMRC
COLL,COLL
ZUO,ZUO
PFGC,PFGC
ORCL,ORCL
FRAC,FRAC
JPM,JPM
HSIC,HSIC
MO,MO
SORL,SORL
QUIK,QUIK
OOMA,OOMA
GLT,GLT
CAPR,CAPR
PYPL,PYPL
BBY,BBY
ELY,ELY
ADIL,ADIL
LPI,LPI
FFIV,FFIV
TGI,TGI
GDDY,GDDY
REFR,REFR
KN,KN
CWST,CWST
BHLB,BHLB
GH,GH
AAWW,AAWW
HI,HI
GDI,GDI
ENR,ENR
INSM,INSM
PLAN,PLAN
FSLR,FSLR
PWR,PWR
NTGN,NTGN
KR,KR
NRIM,NRIM
GILD,GILD
BTAI,BTAI
BAS,BAS
SSNC,SSNC
CBRE,CBRE
STI,STI
INSG,INSG
JLL,JLL
PFSI,PFSI
BTN,BTN
ERIE,ERIE
USFD,USFD
ABMD,ABMD
ACER,ACER
ARWR,ARWR
GBT,GBT
AMZN,AMZN
OXY,OXY
GWGH,GWGH
AP,AP
ABCB,ABCB
SDC,SDC
ROK,ROK
STT,STT
DOV,DOV
LOPE,LOPE
Y,Y
GRTS,GRTS
LEA,LEA
STRS,STRS
NTNX,NTNX
FTDR,FTDR
REPH,REPH
TCS,TCS
DIS,DIS
WHD,WHD
HIBB,HIBB
BNFT,BNFT
NSP,NSP
WEX,WEX
IONS,IONS
BFIN,BFIN
IPAR,IPAR
OSTK,OSTK
IRDM,IRDM
CAH,CAH
HGSH,HGSH
PRI,PRI
GO,GO
BYD,BYD
WMS,WMS
FISV,FISV
WDC,WDC
ARDX,ARDX
ORIT,ORIT
NPO,NPO
TLRY,TLRY
IQV,IQV
GPRO,GPRO
TW,TW
CIR,CIR
NUE,NUE
FTFT,FTFT
MTD,MTD
LAD,LAD
ITCI,ITCI
PD,PD
ITT,ITT
SWM,SWM
VRSK,VRSK
IMMU,IMMU
TGEN,TGEN
MOG,MOG
BX,BX
STLD,STLD
BYND,BYND
BLMN,BLMN
BANF,BANF
OMER,OMER
WEN,WEN
FLWS,FLWS
DLPN,DLPN
BBT,BBT
AGX,AGX
HII,HII
WING,WING
IP,IP
GSAH,GSAH
GTLS,GTLS
AMSWA,AMSWA
SRPT,SRPT
OPNT,OPNT
ALK,ALK
CRC,CRC
INGR,INGR
BGS,BGS
FITB,FITB
MUR,MUR
STC,STC
SCS,SCS
SFNC,SFNC
CSGP,CSGP
TTC,TTC
WWD,WWD
ILMN,ILMN
ZYXI,ZYXI
MU,MU
ROCK,ROCK
TECD,TECD
AZO,AZO
MMS,MMS
EME,EME
RRR,RRR
SRE,SRE
DE,DE
AMTD,AMTD
CSV,CSV
POR,POR
MBI,MBI
INFN,INFN
DATA,DATA
RGLS,RGLS
AEGN,AEGN
RP,RP
NWPX,NWPX
AVNS,AVNS
BATRA,BATRA
SLAB,SLAB
LIVE,LIVE
PAHC,PAHC
SAGE,SAGE
PEG,PEG
SPR,SPR
GTX,GTX
ATEX,ATEX
GES,GES
TRGP,TRGP
LMT,LMT
JWN,JWN
CAC,CAC
BLUE,BLUE
IDXX,IDXX
SSTI,SSTI
CABA,CABA
SEDG,SEDG
KEM,KEM
ITW,ITW
COTY,COTY
VEEV,VEEV
CNS,CNS
PEGA,PEGA
TCBI,TCBI
AFL,AFL
PFPT,PFPT
IHRT,IHRT
VNE,VNE
MELI,MELI
FXNC,FXNC
NDSN,NDSN
ZION,ZION
APRN,APRN
CHK,CHK
FTR,FTR
GNTX,GNTX
EOLS,EOLS
CATS,CATS
GEVO,GEVO
ATRA,ATRA
MEI,MEI
ZBRA,ZBRA
TCON,TCON
BA,BA
HALO,HALO
UNP,UNP
TWI,TWI
EIX,EIX
WEC,WEC
VICL,VICL
WP,WP
MOBL,MOBL
PTC,PTC
PB,PB
TSCO,TSCO
WAB,WAB
VRAY,VRAY
APPS,APPS
TWLO,TWLO
AXP,AXP
FRAN,FRAN
EA,EA
ROSE,ROSE
AME,AME
FDS,FDS
LII,LII
TSS,TSS
UBSI,UBSI
AWI,AWI
TLRA,TLRA
AFG,AFG
FTV,FTV
TER,TER
SRCI,SRCI
IMMR,IMMR
MBOT,MBOT
VPG,VPG
TSLA,TSLA
C,C
SR,SR
FSCT,FSCT
FLDM,FLDM
KTOS,KTOS
WM,WM
EXPR,EXPR
LRCX,LRCX
TROW,TROW
IPWR,IPWR
MTG,MTG
QTNA,QTNA
ABBV,ABBV
ALLO,ALLO
ALSK,ALSK
CRWS,CRWS
OC,OC
NGVC,NGVC
VCRA,VCRA
FATE,FATE
EGBN,EGBN
SQ,SQ
PYX,PYX
ALRN,ALRN
NWL,NWL
WLK,WLK
AXL,AXL
CATY,CATY
SRAX,SRAX
REI,REI
HYRE,HYRE
ICFI,ICFI
SONO,SONO
CBRL,CBRL
CE,CE
BMRN,BMRN
FAST,FAST
PCRX,PCRX
ADSK,ADSK
SGRY,SGRY
ROKU,ROKU
CINF,CINF
STZ,STZ
QADA,QADA
CCO,CCO
PBF,PBF
TRMB,TRMB
TRMK,TRMK
ADP,ADP
EEI,EEI
ZIXI,ZIXI
SWK,SWK
KSU,KSU
PG,PG
SOLO,SOLO
CARS,CARS
ANET,ANET
EE,EE
BJRI,BJRI
ECOR,ECOR
QNST,QNST
EL,EL
SALM,SALM
PKI,PKI
SO,SO
WBA,WBA
AAL,AAL
SINT,SINT
GRBK,GRBK
FCEL,FCEL
NDAQ,NDAQ
RYAM,RYAM
MTB,MTB
LIFE,LIFE
NCR,NCR
MYGN,MYGN
NMIH,NMIH
CHWY,CHWY
OSPN,OSPN
TRV,TRV
LGND,LGND
CTL,CTL
GT,GT
KHC,KHC
CFG,CFG
SQBG,SQBG
STBZ,STBZ
FCN,FCN
HSY,HSY
LNG,LNG
GGG,GGG
VIRT,VIRT
IIIV,IIIV
NVRO,NVRO
DVD,DVD
TUP,TUP
NFE,NFE
GDOT,GDOT
NOC,NOC
AYX,AYX
MSEX,MSEX
MTN,MTN
BRO,BRO
KMT,KMT
EDNT,EDNT
WMB,WMB
NOV,NOV
TRNX,TRNX
LOW,LOW
UNVR,UNVR
SPAR,SPAR
HAIN,HAIN
JBL,JBL
NUVA,NUVA
VLO,VLO
VSTM,VSTM
SYNH,SYNH
CBAT,CBAT
HLX,HLX
VRNT,VRNT
JILL,JILL
PACB,PACB
KMI,KMI
GBR,GBR
GRUB,GRUB
HBAN,HBAN
WPX,WPX
PENN,PENN
AMCX,AMCX
SYNA,SYNA
EFX,EFX
CODA,CODA
EYE,EYE
YUMC,YUMC
EAT,EAT
MLP,MLP
TOWN,TOWN
FND,FND
KVHI,KVHI
GOGO,GOGO
EAST,EAST
ACAD,ACAD
SPTN,SPTN
EPC,EPC
PCMI,PCMI
KEG,KEG
SCL,SCL
MUX,MUX
HUBS,HUBS
CBLK,CBLK
LBY,LBY
EBS,EBS
SMAR,SMAR
CDK,CDK
HCI,HCI
LUV,LUV
UPS,UPS
IEA,IEA
TECH,TECH
CRCM,CRCM
UNM,UNM
FLR,FLR
RUN,RUN
IRBT,IRBT
YMAB,YMAB
PLMR,PLMR
ANSS,ANSS
KDMN,KDMN
JOE,JOE
AMPE,AMPE
DBI,DBI
APH,APH
SJM,SJM
PM,PM
HRC,HRC
AIRG,AIRG
M,M
LMNX,LMNX
AWR,AWR
DY,DY
MDLA,MDLA
NUS,NUS
AAP,AAP
ALNY,ALNY
NVAX,NVAX
SF,SF
MHH,MHH
GNRC,GNRC
BZH,BZH
ZNGA,ZNGA
WSFS,WSFS
WRK,WRK
MSGN,MSGN
UVE,UVE
MKTX,MKTX
MRK,MRK
BGG,BGG
BRP,BRP
DOMO,DOMO
CYH,CYH
AWK,AWK
BL,BL
CUR,CUR
CBSH,CBSH
IDN,IDN
MORN,MORN
XRX,XRX
MN,MN
EVRG,EVRG
MOV,MOV
RFP,RFP
LOCO,LOCO
FLOW,FLOW
LQDA,LQDA
FL,FL
LDOS,LDOS
HFC,HFC
SGMO,SGMO
CDNS,CDNS
DXC,DXC
UFS,UFS
RJF,RJF
AEO,AEO
NKTR,NKTR
LEAF,LEAF
AOBC,AOBC
BERY,BERY
TRN,TRN
AGS,AGS
FLNT,FLNT
CART,CART
CWBC,CWBC
KKR,KKR
HAL,HAL
TSN,TSN
AIT,AIT
MWA,MWA
TTWO,TTWO
PRPO,PRPO
TWST,TWST
AVXL,AVXL
EPZM,EPZM
DAN,DAN
LMNR,LMNR
CVA,CVA
GROW,GROW
ALB,ALB
CVNA,CVNA
SNCR,SNCR
HY,HY
OLLI,OLLI
CCMP,CCMP
DUK,DUK
RGR,RGR
CLR,CLR
AX,AX
TVTY,TVTY
SPN,SPN
CELG,CELG
ENSV,ENSV
YRIV,YRIV
SYY,SYY
TXN,TXN
JYNT,JYNT
F,F
IEX,IEX
CDEV,CDEV
BRY,BRY
ULTA,ULTA
BURL,BURL
BPOP,BPOP
TTOO,TTOO
APA,APA
VVC,VVC
VRSN,VRSN
CBIO,CBIO
DNKN,DNKN
PHAT,PHAT
CRL,CRL
LNC,LNC
CMCSA,CMCSA
MASI,MASI
QCOM,QCOM
GBCI,GBCI
CASY,CASY
XOM,XOM
SMTC,SMTC
KSS,KSS
GCI,GCI
IART,IART
MC,MC
AMWD,AMWD
PHR,PHR
JACK,JACK
CMI,CMI
PRPL,PRPL
SPT,SPT
LW,LW
REN,REN
FBP,FBP
AIN,AIN
OMI,OMI
MAR,MAR
HK,HK
IT,IT
CODX,CODX
PLAB,PLAB
AVYA,AVYA
FDX,FDX
IDA,IDA
BEAT,BEAT
MPC,MPC
AE,AE
DRI,DRI
ATNI,ATNI
REZI,REZI
CDLX,CDLX
ED,ED
FLS,FLS
BH,BH
ON,ON
HP,HP
GEF,GEF
ANTM,ANTM
NWSA,NWSA
VSAT,VSAT
AVX,AVX
UAA,UAA
NBL,NBL
EBF,EBF
MET,MET
GD,GD
AVLR,AVLR
GLUU,GLUU
DPW,DPW
VOYA,VOYA
CMA,CMA
INOV,INOV
SM,SM
CSCO,CSCO
EQ,EQ
LB,LB
VCYT,VCYT
EMR,EMR
ATUS,ATUS
VRTX,VRTX
WSO,WSO
FIVN,FIVN
DSPG,DSPG
MPWR,MPWR
DOW,DOW
FDC,FDC
XAIR,XAIR
JNJ,JNJ
AAOI,AAOI
IRWD,IRWD
MDCO,MDCO
BEN,BEN
EPIX,EPIX
BTX,BTX
RBBN,RBBN
RAD,RAD
OGEN,OGEN
CCBG,CCBG
PHM,PHM
ICE,ICE
ALT,ALT
UCTT,UCTT
PKG,PKG
FFBC,FFBC
CZR,CZR
VSLR,VSLR
LSCC,LSCC
TRWH,TRWH
NVDA,NVDA
ZG,ZG
ACLS,ACLS
CEI,CEI
AXSM,AXSM
PII,PII
KE,KE
ARCI,ARCI
SMPL,SMPL
CACI,CACI
HABT,HABT
DO,DO
AMKR,AMKR
EW,EW
TRUE,TRUE
PSTG,PSTG
PRO,PRO
MCHP,MCHP
BCEL,BCEL
RCII,RCII
BDX,BDX
CFRX,CFRX
FCF,FCF
CDNA,CDNA
SLM,SLM
ALDR,ALDR
GM,GM
KNSL,KNSL
NOG,NOG
VVV,VVV
CJJD,CJJD
MSA,MSA
MOS,MOS
CWEN,CWEN
SLS,SLS
CI,CI
SIEN,SIEN
GERN,GERN
SJI,SJI
HES,HES
JNPR,JNPR
HXL,HXL
PLNT,PLNT
FBHS,FBHS
CAT,CAT
MTZ,MTZ
PK,PK
GPS,GPS
SELF,SELF
AJG,AJG
CENX,CENX
APPN,APPN
RVLV,RVLV
GHDX,GHDX
SMG,SMG
STAA,STAA
SAH,SAH
CGA,CGA
MCD,MCD
COHU,COHU
HWC,HWC
BSET,BSET
CVET,CVET
BF,BF
PES,PES
DKS,DKS
PINC,PINC
ACIW,ACIW
ACIA,ACIA
WLL,WLL
WFC,WFC
GFF,GFF
ALL,ALL
SINO,SINO
HDS,HDS
DVAX,DVAX
TRXC,TRXC
EBAY,EBAY
BDC,BDC
AIR,AIR
NC,NC
TWNK,TWNK
TIF,TIF
FIX,FIX
TMO,TMO
TXRH,TXRH
AKAO,AKAO
VECO,VECO
EIG,EIG
LVGO,LVGO
BNCL,BNCL
CFMS,CFMS
CONN,CONN
SGMS,SGMS
TJX,TJX
CRMT,CRMT
VFC,VFC
WBS,WBS
SHEN,SHEN
HBIO,HBIO
WSC,WSC
SGEN,SGEN
DG,DG
CFX,CFX
YELP,YELP
GHSI,GHSI
SHAK,SHAK
AVT,AVT
RAMP,RAMP
CHTR,CHTR
IMDZ,IMDZ
MYOK,MYOK
GSHD,GSHD
FOE,FOE
NVST,NVST
ROST,ROST
GCO,GCO
IOTS,IOTS
QUOT,QUOT
INTU,INTU
HQY,HQY
DISH,DISH
LASR,LASR
FOLD,FOLD
TROV,TROV
CAL,CAL
MSFT,MSFT
GLW,GLW
BLKB,BLKB
LLL,LLL
MRTX,MRTX
SFM,SFM
DPLO,DPLO
XPO,XPO
LEVI,LEVI
CMRX,CMRX
USB,USB
MNOV,MNOV
MGY,MGY
ARNC,ARNC
POST,POST
OPGN,OPGN
CIEN,CIEN
WST,WST
TDW,TDW
HTZ,HTZ
KMB,KMB
GNTY,GNTY
MNKD,MNKD
SFIX,SFIX
ADBE,ADBE
RHI,RHI
SNA,SNA
AVGO,AVGO
INVA,INVA
COO,COO
BWA,BWA
GIII,GIII
TGE,TGE
ASUR,ASUR
DT,DT
RXN,RXN
AMRS,AMRS
AEYE,AEYE
HTH,HTH
AC,AC
PANW,PANW
KOS,KOS
ARAV,ARAV
FE,FE
SUM,SUM
AA,AA
WMT,WMT
CLDB,CLDB
CRBP,CRBP
CPRT,CPRT
TKR,TKR
FTSV,FTSV
PRSP,PRSP
YUM,YUM
ATR,ATR
SPPI,SPPI
LITE,LITE
RPM,RPM
PRFT,PRFT
PRNB,PRNB
DF,DF
JEC,JEC
AKTS,AKTS
VERI,VERI
CPHI,CPHI
ABEO,ABEO
EXPD,EXPD
PH,PH
CNC,CNC
NSC,NSC
PBYI,PBYI
SESN,SESN
CHRW,CHRW
CME,CME
CBAY,CBAY
VIAV,VIAV
SMBK,SMBK
EHTH,EHTH
MDSO,MDSO
VCTR,VCTR
KDP,KDP
BOOM,BOOM
OSS,OSS
PRU,PRU
IFF,IFF
EV,EV
UNT,UNT
HUN,HUN
RAVN,RAVN
DPZ,DPZ
BCML,BCML
ETSY,ETSY
MLSS,MLSS
CTIC,CTIC
LPLA,LPLA
ASNA,ASNA
CSL,CSL
HLT,HLT
DDOG,DDOG
KMX,KMX
AIMT,AIMT
AJRD,AJRD
WWE,WWE
ALEX,ALEX
XRAY,XRAY
ETR,ETR
OPRX,OPRX
PZZA,PZZA
MNST,MNST
SEAS,SEAS
LNN,LNN
GRC,GRC
GPI,GPI
NVR,NVR
LNT,LNT
PI,PI
KEY,KEY
BAND,BAND
GBX,GBX
IIVI,IIVI
WD,WD
HOME,HOME
DVA,DVA
SEM,SEM
GORO,GORO
HSC,HSC
PTCT,PTCT
INTC,INTC
AN,AN
NMRK,NMRK
CATO,CATO
PECK,PECK
BIIB,BIIB
BHGE,BHGE
KEYS,KEYS
YTEN,YTEN
GPK,GPK
CTRC,CTRC
GOSS,GOSS
ASH,ASH
CVBF,CVBF
MSG,MSG
EVFM,EVFM
AAPL,AAPL
WU,WU
AXNX,AXNX
ATVI,ATVI
CRMD,CRMD
PRVB,PRVB
MRLN,MRLN
IOVA,IOVA
DCAR,DCAR
HRTG,HRTG
ORI,ORI
WERN,WERN
LXRX,LXRX
FOR,FOR
TYHT,TYHT
PROS,PROS
PSX,PSX
AMED,AMED
SYF,SYF
KBR,KBR
HMN,HMN
MMC,MMC
AEL,AEL
CTO,CTO
FCX,FCX
CRIS,CRIS
ZM,ZM
IPHI,IPHI
FICO,FICO
BECN,BECN
AGCO,AGCO
DECK,DECK
EXC,EXC
FLMN,FLMN
LLEX,LLEX
MSCI,MSCI
CLW,CLW
YOGA,YOGA
SES,SES
CARB,CARB
NWE,NWE
WYY,WYY
SPGI,SPGI
AQXP,AQXP
TPX,TPX
MRC,MRC
TNDM,TNDM
AZPN,AZPN
EGRX,EGRX
ADI,ADI
SNBR,SNBR
ZGNX,ZGNX
ELAN,ELAN
AVID,AVID
CTRV,CTRV
AR,AR
MXIM,MXIM
AYTU,AYTU
LWAY,LWAY
DDD,DDD
WTR,WTR
SCHW,SCHW
ERA,ERA
TEUM,TEUM
CLDR,CLDR
TR,TR
AMD,AMD
PXD,PXD
HON,HON
PACW,PACW
VXRT,VXRT
PEP,PEP
PAR,PAR
LHX,LHX
MINI,MINI
AVRO,AVRO
NX,NX
XLNX,XLNX
NFLX,NFLX
AKCA,AKCA
BLL,BLL
OTLK,OTLK
CLF,CLF
FEYE,FEYE
DAKT,DAKT
KO,KO
TFX,TFX
UPWK,UPWK
KEX,KEX
EQT,EQT
AOS,AOS
AEMD,AEMD
QUAD,QUAD
ADES,ADES
BK,BK
PTI,PTI
ADVM,ADVM
DOVA,DOVA
AEY,AEY
CF,CF
L,L
CBT,CBT
OUT,OUT
UNH,UNH
MIDD,MIDD
ETRN,ETRN
D,D
XBIT,XBIT
TMST,TMST
ANF,ANF
NRG,NRG
UFPI,UFPI
COHR,COHR
DDS,DDS
PTN,PTN
PODD,PODD
PETS,PETS
HUM,HUM
ADTN,ADTN
PSNL,PSNL
ECPG,ECPG
EGAN,EGAN
APY,APY
GWW,GWW
PTSI,PTSI
MIC,MIC
UBNT,UBNT
CLRB,CLRB
CPRX,CPRX
PLCE,PLCE
RUBY,RUBY
GRPN,GRPN
HPE,HPE
BRKL,BRKL
CY,CY
VZ,VZ
NP,NP
VC,VC
TRUP,TRUP
GWR,GWR
ENS,ENS
AVP,AVP
TENX,TENX
TTD,TTD
PING,PING
CYTX,CYTX
ARTW,ARTW
SNAP,SNAP
CLVS,CLVS
TCCO,TCCO
GNK,GNK
PVH,PVH
PVTL,PVTL
AWSM,AWSM
TDG,TDG
EPAM,EPAM
CYCC,CYCC
NSIT,NSIT
LPX,LPX
PVT,PVT
VST,VST
TCF,TCF
TREX,TREX
SNPS,SNPS
AXTI,AXTI
SPB,SPB
CLX,CLX
JCS,JCS
PTLA,PTLA
VAC,VAC
SBUX,SBUX
LEGH,LEGH
CADE,CADE
AEE,AEE
SBSI,SBSI
VNDA,VNDA
BID,BID
CTVA,CTVA
MS,MS
JELD,JELD
CXO,CXO
ALGT,ALGT
XOMA,XOMA
QRTEA,QRTEA
APTX,APTX
GS,GS
CMC,CMC
KALU,KALU
AMAG,AMAG
DCPH,DCPH
RL,RL
DERM,DERM
HIG,HIG
CCK,CCK
MMSI,MMSI
URBN,URBN
FNSR,FNSR
CWH,CWH
RTN,RTN
QLYS,QLYS
UBCP,UBCP
INCY,INCY
QRVO,QRVO
RF,RF
QTRX,QTRX
AGE,AGE
ETFC,ETFC
STAF,STAF
DBD,DBD
CLIR,CLIR
DGLY,DGLY
MKC,MKC
VMW,VMW
CAR,CAR
FHN,FHN
MAXR,MAXR
XNCR,XNCR
XON,XON
RTRX,RTRX
LYV,LYV
PDSB,PDSB
OAS,OAS
GPOR,GPOR
CRWD,CRWD
WAL,WAL
SPRT,SPRT
DAL,DAL
CLD,CLD
QRHC,QRHC
CENT,CENT
SRDX,SRDX
HGV,HGV
MOH,MOH
CMG,CMG
STML,STML
MYO,MYO
BKYI,BKYI
MAN,MAN
CHNG,CHNG
HOLX,HOLX
BJ,BJ
DIOD,DIOD
BKD,BKD
TGT,TGT
CECO,CECO
WAT,WAT
IPI,IPI
DEST,DEST
SYN,SYN
BWMC,BWMC
SAM,SAM
FLIR,FLIR
TYPE,TYPE
CMS,CMS
APD,APD
MGTA,MGTA
JBT,JBT
WRB,WRB
HNRG,HNRG
NKE,NKE
ORLY,ORLY
WWW,WWW
HROW,HROW
FIZZ,FIZZ
BIO,BIO
BLDR,BLDR
ZBH,ZBH
XYL,XYL
AIG,AIG
LFVN,LFVN
BTU,BTU
PEN,PEN
ADMP,ADMP
THS,THS
MB,MB
JOUT,JOUT
AROC,AROC
APO,APO
CSSE,CSSE
ROAD,ROAD
INT,INT
QTWO,QTWO
CNDT,CNDT
CVM,CVM
SAFM,SAFM
SIX,SIX
ROG,ROG
FET,FET
MRKR,MRKR
WSM,WSM
DTE,DTE
WTI,WTI
GPC,GPC
WGO,WGO
HDSN,HDSN
BLIN,BLIN
AM,AM
SLGN,SLGN
PINS,PINS
PAYX,PAYX
LRN,LRN
WW,WW
SNNA,SNNA
LULU,LULU
APC,APC
MCK,MCK
FNF,FNF
XLRN,XLRN
CSS,CSS
THO,THO
RMD,RMD
AEP,AEP
AQUA,AQUA
VIVO,VIVO
BAC,BAC
NI,NI
UTX,UTX
CNNE,CNNE
ROL,ROL
ARC,ARC
LH,LH
BBBY,BBBY
GVA,GVA
WTRH,WTRH
LL,LL
MEET,MEET
LMPX,LMPX
TEX,TEX
CVS,CVS
HRL,HRL
RIGL,RIGL
SIVB,SIVB
GVP,GVP
CNP,CNP
LLY,LLY
RES,RES
ENTG,ENTG
MEDP,MEDP
VRML,VRML
MARK,MARK
HCA,HCA
CMD,CMD
RDFN,RDFN
WORK,WORK
PBCT,PBCT
TAP,TAP
LKQ,LKQ
MDLZ,MDLZ
NEWR,NEWR
CALM,CALM
CROX,CROX
INSE,INSE
CDW,CDW
XENT,XENT
SKX,SKX
SAEX,SAEX
SN,SN
RVNC,RVNC
ZIOP,ZIOP
CUO,CUO
KNX,KNX
GSKY,GSKY
SWCH,SWCH
CBS,CBS
SON,SON
ALLK,ALLK
DLX,DLX
AL,AL
VTGN,VTGN
DCI,DCI
TLYS,TLYS
IMGN,IMGN
CSBR,CSBR
NEM,NEM
HL,HL
V,V
MRO,MRO
HRB,HRB
VMC,VMC
HOG,HOG
AAC,AAC
SPCE,SPCE
RARX,RARX
TA,TA
CVX,CVX
CERN,CERN
MDU,MDU
H,H
UTHR,UTHR
TMUS,TMUS
TPH,TPH
SYBT,SYBT
EMCF,EMCF
CNSP,CNSP
DHI,DHI
ESTE,ESTE
XFOR,XFOR
OCUL,OCUL
PFE,PFE
CBMG,CBMG
CCXI,CCXI
HIVE,HIVE
IFMK,IFMK
RH,RH
COST,COST
NSTG,NSTG
TITN,TITN
USAT,USAT
EHC,EHC
TEN,TEN
CREE,CREE
RPAY,RPAY
BOX,BOX
SITE,SITE
WOW,WOW
HEI,HEI
WYND,WYND
FGEN,FGEN
TRIP,TRIP
P,P
HIIQ,HIIQ
STMP,STMP
WWR,WWR
QDEL,QDEL
FANG,FANG
UBER,UBER
DGSE,DGSE
CNX,CNX
KBH,KBH
ADM,ADM
CRZO,CRZO
MGNX,MGNX
HLIO,HLIO
FIS,FIS
CVI,CVI
CHE,CHE
KRO,KRO
WYNN,WYNN
ZTS,ZTS
IBM,IBM
COUP,COUP
SSD,SSD
COLM,COLM
AEIS,AEIS
BBCP,BBCP
CTAS,CTAS
UUU,UUU
DD,DD
PTON,PTON
CUB,CUB
GWRS,GWRS
CHS,CHS
AKS,AKS
UHAL,UHAL
MMM,MMM
VRS,VRS
EAF,EAF
BAH,BAH
BRKS,BRKS
IMXI,IMXI
CTWS,CTWS
EXAS,EXAS
YEXT,YEXT
DCO,DCO
NERV,NERV
FMBH,FMBH
CRY,CRY
ADS,ADS
RRC,RRC
MD,MD
CSX,CSX
YORW,YORW
COP,COP
MTOR,MTOR
GWRE,GWRE
AQST,AQST
MNTA,MNTA
TWTR,TWTR
KIN,KIN
LODE,LODE
AAN,AAN
NXST,NXST
YETI,YETI
PLOW,PLOW
IBTX,IBTX
TSC,TSC
PAVM,PAVM
ROAN,ROAN
NINE,NINE
AKAM,AKAM
KIRK,KIRK
CSII,CSII
NYT,NYT
MLM,MLM
MERC,MERC
REED,REED
MGM,MGM
PPL,PPL
X,X
AVAV,AVAV
AMG,AMG
BURG,BURG
SBT,SBT
TDS,TDS
REXN,REXN
ROP,ROP
HHC,HHC
HD,HD
TH,TH
TXT,TXT
NEOG,NEOG
AVTR,AVTR
ARW,ARW
RMTI,RMTI
DARE,DARE
MCHX,MCHX
DHR,DHR
LEE,LEE
R,R
ARVN,ARVN
CPB,CPB
B,B
COMM,COMM
RIOT,RIOT
ATI,ATI
DXCM,DXCM
SNX,SNX
WTS,WTS
SKY,SKY
COF,COF
CPE,CPE
SUNW,SUNW
CDE,CDE
PRAH,PRAH
HBT,HBT
MACK,MACK
RNG,RNG
SWI,SWI
ERI,ERI
EYPT,EYPT
TRHC,TRHC
HBI,HBI
ARRY,ARRY
MAT,MAT
CRUS,CRUS
RGLD,RGLD
EVBN,EVBN
W,W
AZZ,AZZ
CPIX,CPIX
AES,AES
MBIO,MBIO
OMCL,OMCL
VREX,VREX
RPD,RPD
OSK,OSK
CL,CL
SIRI,SIRI
ADXS,ADXS
RNGR,RNGR
RMBS,RMBS
LOOP,LOOP
CTB,CTB
NBY,NBY
JKHY,JKHY
BLMT,BLMT
TELL,TELL
SPLK,SPLK
UAMY,UAMY
ELOX,ELOX
ENPH,ENPH
WDAY,WDAY
SEE,SEE
ALSN,ALSN
ACM,ACM
SEMG,SEMG
HMHC,HMHC
ASB,ASB
ACHC,ACHC
JBLU,JBLU
AVY,AVY
REGI,REGI
CTLT,CTLT
FLXN,FLXN
FIVE,FIVE
OLED,OLED
REGN,REGN
XPER,XPER
RHT,RHT
TMP,TMP
HEAR,HEAR
CR,CR
CHRS,CHRS
PSN,PSN
BOLD,BOLD
AGIO,AGIO
ISRG,ISRG
NUAN,NUAN
NVTA,NVTA
CLGX,CLGX
SAVA,SAVA
DOCU,DOCU
MNRL,MNRL
JBHT,JBHT
GPN,GPN
PAYC,PAYC
ZS,ZS
COG,COG
ALE,ALE
GLG,GLG
CNR,CNR
BOKF,BOKF
RGSE,RGSE
VICR,VICR
SPEX,SPEX
ATEN,ATEN
BGFV,BGFV
EDIT,EDIT
HCR,HCR
CVIA,CVIA
TNET,TNET
MSM,MSM
TPHS,TPHS
COLB,COLB
LAWS,LAWS
INDB,INDB
WSTL,WSTL
LC,LC
ALRM,ALRM
ASMB,ASMB
MLHR,MLHR
CATB,CATB
TRNS,TRNS
MYND,MYND
AMNB,AMNB
UNF,UNF
CASA,CASA
FTSI,FTSI
ACA,ACA
CDXS,CDXS
EQX,EQX
DIT,DIT
VAPO,VAPO
PETX,PETX
TREC,TREC
FFIN,FFIN
CCNI,CCNI
CETX,CETX
GSBC,GSBC
DLB,DLB
CCS,CCS
APPF,APPF
BPFH,BPFH
EVER,EVER
IAA,IAA
YRCW,YRCW
MKL,MKL
INOD,INOD
BGCP,BGCP
FBC,FBC
LOXO,LOXO
A,A
NXTC,NXTC
HTGM,HTGM
MRSN,MRSN
HMNY,HMNY
HAFC,HAFC
VMI,VMI
SLCA,SLCA
ICPT,ICPT
ATNX,ATNX
SXT,SXT
ESL,ESL
AYI,AYI
NPK,NPK
AZRX,AZRX
AMSF,AMSF
CASH,CASH
BCO,BCO
GPX,GPX
SWAV,SWAV
TIVO,TIVO
BKS,BKS
BUSE,BUSE
WH,WH
ORBC,ORBC
HLNE,HLNE
PGTI,PGTI
INST,INST
BCEI,BCEI
ZN,ZN
TILE,TILE
ACOR,ACOR
EEFT,EEFT
ACRS,ACRS
ISBC,ISBC
CYTR,CYTR
FBM,FBM
FSFG,FSFG
KMPH,KMPH
OPRT,OPRT
NFX,NFX
CNMD,CNMD
WETF,WETF
CYRX,CYRX
SCI,SCI
EBIX,EBIX
HURC,HURC
CLSD,CLSD
NFG,NFG
USEG,USEG
AMR,AMR
LIQT,LIQT
HEB,HEB
CVRS,CVRS
DNLI,DNLI
CBB,CBB
BXG,BXG
BIOS,BIOS
AGLE,AGLE
CTG,CTG
XOG,XOG
BIOC,BIOC
TG,TG
SVRA,SVRA
DYSL,DYSL
TGTX,TGTX
IIIN,IIIN
OXM,OXM
TPIC,TPIC
CFFN,CFFN
CERC,CERC
PLT,PLT
XSPA,XSPA
CMP,CMP
VLY,VLY
LKSD,LKSD
AAXN,AAXN
RLGY,RLGY
CHH,CHH
VUZI,VUZI
SYRS,SYRS
INVE,INVE
GMS,GMS
IBKC,IBKC
HOPE,HOPE
SERV,SERV
BLD,BLD
PKBK,PKBK
WOR,WOR
CPAH,CPAH
GENC,GENC
TNXP,TNXP
HFBC,HFBC
AMRH,AMRH
MLAB,MLAB
SENS,SENS
CYTK,CYTK
WIFI,WIFI
HMSY,HMSY
CGIX,CGIX
CRI,CRI
SCCO,SCCO
SRNE,SRNE
SBGI,SBGI
OFLX,OFLX
ASRT,ASRT
TTMI,TTMI
ONVO,ONVO
DMPI,DMPI
PETQ,PETQ
NTCT,NTCT
BLCM,BLCM
TCBK,TCBK
OZM,OZM
MTW,MTW
RLI,RLI
TTEK,TTEK
KALA,KALA
PED,PED
KERN,KERN
ANIK,ANIK
AIHS,AIHS
WNC,WNC
ASGN,ASGN
PHUN,PHUN
MFIN,MFIN
FBMS,FBMS
MRNA,MRNA
WTFC,WTFC
AIZ,AIZ
EPAY,EPAY
LMAT,LMAT
GPRE,GPRE
BY,BY
LJPC,LJPC
RGNX,RGNX
ISEE,ISEE
LPCN,LPCN
CBPX,CBPX
GTHX,GTHX
CHAP,CHAP
ELVT,ELVT
APDN,APDN
DFRG,DFRG
CTBI,CTBI
BBX,BBX
MRNS,MRNS
GNC,GNC
CNA,CNA
ANGI,ANGI
FULT,FULT
CHDN,CHDN
XBIO,XBIO
AERI,AERI
OCC,OCC
WBC,WBC
PDFS,PDFS
IRMD,IRMD
CCC,CCC
SLNO,SLNO
MPX,MPX
MEIP,MEIP
GNCA,GNCA
MRTN,MRTN
ATU,ATU
VIVE,VIVE
HTBI,HTBI
BRBR,BRBR
LAUR,LAUR
PEBK,PEBK
FBIZ,FBIZ
ARLO,ARLO
TBLT,TBLT
GLYC,GLYC
NOVA,NOVA
CNAT,CNAT
HLIT,HLIT
VRRM,VRRM
ATOS,ATOS
ECHO,ECHO
LBRDA,LBRDA
OMN,OMN
LEG,LEG
TENB,TENB
TDC,TDC
BGSF,BGSF
MUSA,MUSA
OHGI,OHGI
MCRN,MCRN
SP,SP
DLTH,DLTH
SCHN,SCHN
PKE,PKE
WAIR,WAIR
SMIT,SMIT
RHE,RHE
BXC,BXC
NPA,NPA
AGEN,AGEN
DNB,DNB
VISL,VISL
CUE,CUE
CW,CW
RLH,RLH
RUBI,RUBI
RCM,RCM
PEGI,PEGI
BKTI,BKTI
TXMD,TXMD
OGE,OGE
PZN,PZN
WDR,WDR
PULM,PULM
GCP,GCP
PLBC,PLBC
BCOV,BCOV
STNL,STNL
VRNS,VRNS
DTIL,DTIL
THOR,THOR
ENLC,ENLC
DSS,DSS
LLNW,LLNW
ERII,ERII
REPL,REPL
BFST,BFST
CEIX,CEIX
RVLT,RVLT
WTTR,WTTR
DSKE,DSKE
PLUS,PLUS
XXII,XXII
MPAA,MPAA
ANAB,ANAB
IPDN,IPDN
CBM,CBM
EFII,EFII
COWN,COWN
HTLD,HTLD
IPHS,IPHS
USAP,USAP
RTW,RTW
MBII,MBII
ATHX,ATHX
NVEC,NVEC
GWB,GWB
EVR,EVR
MLI,MLI
UGI,UGI
CALA,CALA
CARA,CARA
KPTI,KPTI
AGRX,AGRX
UFI,UFI
GMED,GMED
ASCMA,ASCMA
OESX,OESX
PRGS,PRGS
BPMX,BPMX
CTRL,CTRL
FNKO,FNKO
USCR,USCR
BHTG,BHTG
ONCE,ONCE
NLNK,NLNK
COCP,COCP
FNB,FNB
SYBX,SYBX
LMFA,LMFA
CVCY,CVCY
PDLB,PDLB
LTRX,LTRX
ATNM,ATNM
UTMD,UTMD
EGOV,EGOV
BXS,BXS
BLPH,BLPH
RCUS,RCUS
FCSC,FCSC
AVDR,AVDR
BWEN,BWEN
PRVL,PRVL
NTGR,NTGR
JAGX,JAGX
OPTN,OPTN
PIXY,PIXY
SAIC,SAIC
CIT,CIT
AVGR,AVGR
FTEK,FTEK
SCPL,SCPL
EPE,EPE
TTPH,TTPH
PFBC,PFBC
DNR,DNR
VCEL,VCEL
OMF,OMF
LONE,LONE
NWBI,NWBI
FAT,FAT
HSII,HSII
RBC,RBC
AIMC,AIMC
PPBI,PPBI
USG,USG
DXPE,DXPE
ENV,ENV
MCF,MCF
TBK,TBK
BIMI,BIMI
LPTX,LPTX
NBIX,NBIX
ESI,ESI
PRGX,PRGX
RETA,RETA
VG,VG
DENN,DENN
UMPQ,UMPQ
ARMK,ARMK
FSNN,FSNN
MBFI,MBFI
ORGO,ORGO
DHX,DHX
TOCA,TOCA
GATX,GATX
IMUX,IMUX
NVTR,NVTR
GLDD,GLDD
RTTR,RTTR
SABR,SABR
SGLB,SGLB
AUB,AUB
HYAC,HYAC
SNV,SNV
CPST,CPST
SFS,SFS
AETI,AETI
RRD,RRD
NVUS,NVUS
EIGI,EIGI
ORN,ORN
ANIP,ANIP
EWBC,EWBC
IDCC,IDCC
AMN,AMN
CRS,CRS
NPTN,NPTN
JEF,JEF
HHS,HHS
MDC,MDC
AKBA,AKBA
FCFS,FCFS
THG,THG
SLDB,SLDB
FC,FC
PTEN,PTEN
KRTX,KRTX
HIL,HIL
APLS,APLS
MTX,MTX
ARES,ARES
RCMT,RCMT
BHE,BHE
VTVT,VTVT
OLN,OLN
PRTO,PRTO
AUTO,AUTO
POL,POL
MKSI,MKSI
EXPO,EXPO
TPC,TPC
CLBK,CLBK
MBWM,MBWM
NETE,NETE
UNAM,UNAM
TBBK,TBBK
MDGL,MDGL
ASRV,ASRV
DAR,DAR
IMI,IMI
WORX,WORX
SSKN,SSKN
NLS,NLS
GCAP,GCAP
ATRO,ATRO
FDEF,FDEF
LOAN,LOAN
CDXC,CDXC
FRD,FRD
RUTH,RUTH
SXC,SXC
ONDK,ONDK
RS,RS
RRGB,RRGB
IBKR,IBKR
KOSS,KOSS
SAIA,SAIA
ARCB,ARCB
PRA,PRA
YGYI,YGYI
HNGR,HNGR
BSQR,BSQR
JAX,JAX
VYGR,VYGR
FCCO,FCCO
NSPR,NSPR
BWXT,BWXT
WLH,WLH
FLKS,FLKS
SCKT,SCKT
PFIE,PFIE
SBOT,SBOT
BFC,BFC
MCY,MCY
FUL,FUL
POOL,POOL
DK,DK
SNDR,SNDR
KWR,KWR
PIR,PIR
KNDI,KNDI
CRR,CRR
USAU,USAU
BCRX,BCRX
LTXB,LTXB
DTSS,DTSS
ATO,ATO
LHCG,LHCG
GHL,GHL
FF,FF
NAUH,NAUH
SMTX,SMTX
TMCX,TMCX
NK,NK
BFAM,BFAM
EVLV,EVLV
MGI,MGI
MXL,MXL
TMK,TMK
CVTI,CVTI
ATHN,ATHN
ACY,ACY
MGLN,MGLN
GTE,GTE
NXTD,NXTD
ATSG,ATSG
HRTX,HRTX
LOVE,LOVE
DCOM,DCOM
PRMW,PRMW
FTD,FTD
QUMU,QUMU
NMRD,NMRD
INNT,INNT
USNA,USNA
LSTR,LSTR
MCFT,MCFT
ADMS,ADMS
TTI,TTI
GNMK,GNMK
HCCI,HCCI
TISI,TISI
LCUT,LCUT
PTE,PTE
ENTA,ENTA
ICBK,ICBK
ZAGG,ZAGG
GSAT,GSAT
CZNC,CZNC
SASR,SASR
CARV,CARV
AKRX,AKRX
PLXS,PLXS
SYNL,SYNL
LEDS,LEDS
RYI,RYI
JCOM,JCOM
ASIX,ASIX
UBNK,UBNK
RGS,RGS
VISI,VISI
INPX,INPX
WVVI,WVVI
MPO,MPO
RMAX,RMAX
MX,MX
DRIO,DRIO
DIN,DIN
FARM,FARM
WDFC,WDFC
DAVE,DAVE
PJT,PJT
VVUS,VVUS
CJ,CJ
ALBO,ALBO
UHS,UHS
HCC,HCC
EXTR,EXTR
CSOD,CSOD
RMG,RMG
CPS,CPS
SOI,SOI
MLNT,MLNT
PLX,PLX
SCYX,SCYX
AVEO,AVEO
LOGM,LOGM
WTER,WTER
ATIS,ATIS
MVIS,MVIS
ALTR,ALTR
SAMG,SAMG
HSGX,HSGX
MHK,MHK
PBI,PBI
CFR,CFR
CTEK,CTEK
PDCE,PDCE
PDCO,PDCO
ANGO,ANGO
ZEUS,ZEUS
OBLN,OBLN
GTN,GTN
ORA,ORA
PSDO,PSDO
CORE,CORE
UEC,UEC
XELA,XELA
SSTK,SSTK
LTHM,LTHM
CALX,CALX
VBTX,VBTX
IGC,IGC
MGRC,MGRC
MBRX,MBRX
TRCO,TRCO
CKH,CKH
WATT,WATT
RCKY,RCKY
ZUMZ,ZUMZ
DRQ,DRQ
FPRX,FPRX
MANH,MANH
TORC,TORC
HCSG,HCSG
STBA,STBA
SMP,SMP
ARCH,ARCH
PRLB,PRLB
EGY,EGY
SCON,SCON
PS,PS
REKR,REKR
BBW,BBW
TST,TST
FOSL,FOSL
NGVT,NGVT
AUMN,AUMN
ODP,ODP
INGN,INGN
VSTO,VSTO
CRK,CRK
MOXC,MOXC
APEN,APEN
SRCE,SRCE
ONCT,ONCT
NGS,NGS
EVRI,EVRI
HOS,HOS
MOTS,MOTS
UVV,UVV
EVOP,EVOP
AGFS,AGFS
DYAI,DYAI
RLGT,RLGT
HJLI,HJLI
ALIM,ALIM
VHI,VHI
NOVN,NOVN
TAIT,TAIT
LECO,LECO
BILL,BILL
VERB,VERB
ESP,ESP
NEON,NEON
MOC,MOC
CLNE,CLNE
SFBS,SFBS
TWMC,TWMC
CSWI,CSWI
ALPN,ALPN
ALTM,ALTM
ACTG,ACTG
PHII,PHII
NH,NH
HTBX,HTBX
GEOS,GEOS
SONM,SONM
ENOB,ENOB
MICT,MICT
ASPN,ASPN
STRM,STRM
AGM,AGM
CBLI,CBLI
RMED,RMED
CGBD,CGBD
VOXX,VOXX
OFIX,OFIX
KOPN,KOPN
AAMC,AAMC
LNDC,LNDC
BCLI,BCLI
TALO,TALO
ADRO,ADRO
VGR,VGR
ARMP,ARMP
AREX,AREX
ELGX,ELGX
CLXT,CLXT
BELFA,BELFA
XTNT,XTNT
ATXI,ATXI
KOP,KOP
HZN,HZN
DXLG,DXLG
SELB,SELB
CLBS,CLBS
ONCS,ONCS
LGCY,LGCY
DYNT,DYNT
FTNW,FTNW
MYE,MYE
KONA,KONA
EVK,EVK
PFNX,PFNX
SCG,SCG
SD,SD
MOSY,MOSY
VTNR,VTNR
DXYN,DXYN
ICON,ICON
PTGX,PTGX
CELH,CELH
CCOI,CCOI
FPH,FPH
TIS,TIS
PTX,PTX
SMRT,SMRT
TAST,TAST
PFMT,PFMT
RECN,RECN
JAKK,JAKK
OHRP,OHRP
HBB,HBB
WISA,WISA
IOSP,IOSP
MGEN,MGEN
SSNT,SSNT
MRIC,MRIC
ARPO,ARPO
PLXP,PLXP
PIC,PIC
HNNA,HNNA
OMED,OMED
SSFN,SSFN
CNST,CNST
QHC,QHC
QTM,QTM
CIA,CIA
CCX,CCX
ARA,ARA
AVA,AVA
SCOR,SCOR
DVCR,DVCR
ICUI,ICUI
TLGT,TLGT
EYEN,EYEN
RESN,RESN
JNCE,JNCE
JBSS,JBSS
NTLA,NTLA
IDRA,IDRA
KZR,KZR
PSTI,PSTI
WIRE,WIRE
VLRX,VLRX
GSB,GSB
PBH,PBH
KODK,KODK
PPC,PPC
CBMB,CBMB
HDP,HDP
NHC,NHC
HPR,HPR
XPEL,XPEL
ROX,ROX
CTHR,CTHR
GNMX,GNMX
GRWG,GRWG
CSLT,CSLT
LINC,LINC
LTBR,LTBR
ZDGE,ZDGE
ABIO,ABIO
EKSO,EKSO
ATEC,ATEC
RRTS,RRTS
USIO,USIO
CNCE,CNCE
AMS,AMS
UFCS,UFCS
IBOC,IBOC
CLH,CLH
ALDX,ALDX
AGR,AGR
RVP,RVP
STKS,STKS
ADOM,ADOM
MNTX,MNTX
CWBR,CWBR
VRCA,VRCA
KLXE,KLXE
FRED,FRED
AHPI,AHPI
ARL,ARL
UCBI,UCBI
NEU,NEU
GTS,GTS
TMSR,TMSR
EQBK,EQBK
BRN,BRN
WKHS,WKHS
TRCB,TRCB
DNOW,DNOW
WHLM,WHLM
GEMP,GEMP
ATLC,ATLC
IO,IO
AMSC,AMSC
CREX,CREX
XELB,XELB
AQ,AQ
CLUB,CLUB
ACMR,ACMR
EEX,EEX
MXWL,MXWL
CUI,CUI
IZEA,IZEA
OMEX,OMEX
VSI,VSI
MYOS,MYOS
SRRA,SRRA
CTMX,CTMX
GOLF,GOLF
NDRA,NDRA
ADMA,ADMA
INFU,INFU
GIG,GIG
GHC,GHC
JOB,JOB
HAIR,HAIR
BOXL,BOXL
MXC,MXC
SKIS,SKIS
CIDM,CIDM
SEAC,SEAC
EMAN,EMAN
CHFS,CHFS
ACRX,ACRX
PRTK,PRTK
MYSZ,MYSZ
ARCW,ARCW
INFI,INFI
PBBI,PBBI
PAG,PAG
DMRC,DMRC
BRID,BRID
PFSW,PFSW
FTK,FTK
PDEX,PDEX
UONE,UONE
FSB,FSB
AAON,AAON
MTNB,MTNB
NEOS,NEOS
LPTH,LPTH
ACET,ACET
JVA,JVA
CAMP,CAMP
DRAD,DRAD
VHC,VHC
IMAC,IMAC
HVT,HVT
OVID,OVID
UMRX,UMRX
IVC,IVC
MTBC,MTBC
AQMS,AQMS
STIM,STIM
SNGX,SNGX
FONR,FONR
TZOO,TZOO
BSGM,BSGM
FBIO,FBIO
ECOM,ECOM
SMBC,SMBC
AXAS,AXAS
AMTX,AMTX
CXDC,CXDC
AFI,AFI
SSY,SSY
LAZY,LAZY
EML,EML
UIS,UIS
HSON,HSON
SRT,SRT
MG,MG
TPB,TPB
CREG,CREG
ASV,ASV
MRIN,MRIN
UPL,UPL
NIHD,NIHD
TRS,TRS
DFFN,DFFN
ITP,ITP
INWK,INWK
FHB,FHB
AXR,AXR
FSI,FSI
BCDA,BCDA
PBPB,PBPB
SNSS,SNSS
IPIC,IPIC
OTIC,OTIC
PRTY,PRTY
SNES,SNES
CNET,CNET
GEC,GEC
CACC,CACC
PGNX,PGNX
RFL,RFL
SYPR,SYPR
TIK,TIK
FLGT,FLGT
ZVO,ZVO
KAI,KAI
CBK,CBK
SOLY,SOLY
AWX,AWX
ARCT,ARCT
KURA,KURA
BRS,BRS
ATRC,ATRC
ICAD,ICAD
JW,JW
SMED,SMED
FOCS,FOCS
UAVS,UAVS
EVOK,EVOK
CFBK,CFBK
IBIO,IBIO
GAIA,GAIA
ACAM,ACAM
POWI,POWI
DRTT,DRTT
MESA,MESA
KFRC,KFRC
NTIC,NTIC
CYBE,CYBE
BLFS,BLFS
NFBK,NFBK
SBCF,SBCF
LTRPA,LTRPA
USAK,USAK
CCNE,CCNE
KEYW,KEYW
CCB,CCB
BCOR,BCOR
CATC,CATC
TTGT,TTGT
MODN,MODN
AMOT,AMOT
SONA,SONA
PFS,PFS
AMBC,AMBC
HMST,HMST
ATLO,ATLO
EIDX,EIDX
SYNC,SYNC
DORM,DORM
AROW,AROW
TMDX,TMDX
SGC,SGC
CASI,CASI
BOH,BOH
PUB,PUB
BABY,BABY
PEBO,PEBO
KELYA,KELYA
NWN,NWN
HUBB,HUBB
PJC,PJC
BLBD,BLBD
FSBW,FSBW
CHCI,CHCI
SLP,SLP
AAME,AAME
HZO,HZO
KRUS,KRUS
FRGI,FRGI
RGA,RGA
WNEB,WNEB
ALEC,ALEC
MPB,MPB
TFSL,TFSL
NSCO,NSCO
BKU,BKU
HCHC,HCHC
GDEN,GDEN
BOJA,BOJA
CRTX,CRTX
ATGE,ATGE
BCPC,BCPC
VVI,VVI
ULTI,ULTI
LNTH,LNTH
LABL,LABL
DNBF,DNBF
ACNB,ACNB
BANR,BANR
HFFG,HFFG
WRLD,WRLD
IIN,IIN
CNOB,CNOB
SSI,SSI
NTRI,NTRI
HFWA,HFWA
STXS,STXS
NXEO,NXEO
APOG,APOG
ATRS,ATRS
RELL,RELL
VALU,VALU
ARDS,ARDS
APAM,APAM
IRIX,IRIX
CERS,CERS
SCHL,SCHL
PLAG,PLAG
GHM,GHM
CHMA,CHMA
HUBG,HUBG
TERP,TERP
HWKN,HWKN
CTS,CTS
CRAY,CRAY
STOK,STOK
SEND,SEND
FRPT,FRPT
PRIM,PRIM
AUBN,AUBN
TACO,TACO
OSUR,OSUR
NXTM,NXTM
INTG,INTG
LXU,LXU
APEI,APEI
WMK,WMK
ASPU,ASPU
FRSH,FRSH
MTRN,MTRN
SMSI,SMSI
AVNW,AVNW
MTEM,MTEM
OSIS,OSIS
SBBX,SBBX
ABG,ABG
SPSC,SPSC
SANW,SANW
BBOX,BBOX
FRME,FRME
WINA,WINA
OVBC,OVBC
USM,USM
FPAY,FPAY
FDBC,FDBC
PPSI,PPSI
TPTX,TPTX
ACBI,ACBI
TCRR,TCRR
ULH,ULH
MKGI,MKGI
SKYW,SKYW
MATX,MATX
STRL,STRL
OGS,OGS
RLMD,RLMD
SI,SI
PIRS,PIRS
NXGN,NXGN
CIZN,CIZN
SNDX,SNDX
REV,REV
TCI,TCI
PIH,PIH
TMHC,TMHC
NTN,NTN
FUSB,FUSB
SRI,SRI
AMRB,AMRB
BPRN,BPRN
GLOW,GLOW
PCTI,PCTI
ENVA,ENVA
TSQ,TSQ
MGPI,MGPI
ONB,ONB
EZPW,EZPW
KRYS,KRYS
IDYA,IDYA
VNCE,VNCE
XERS,XERS
FFIC,FFIC
USPH,USPH
CECE,CECE
VRTS,VRTS
ADSW,ADSW
BHB,BHB
THRM,THRM
NVFY,NVFY
NURO,NURO
AMTB,AMTB
KMPR,KMPR
ARNA,ARNA
CHUY,CHUY
CTIB,CTIB
APLT,APLT
LRAD,LRAD
BDSI,BDSI
REVG,REVG
USX,USX
AMCI,AMCI
TCDA,TCDA
TCMD,TCMD
CCRN,CCRN
FRPH,FRPH
OPBK,OPBK
LUB,LUB
TUES,TUES
ABTX,ABTX
OVLY,OVLY
CYCN,CYCN
TUSK,TUSK
PVAC,PVAC
LFAC,LFAC
SWX,SWX
TESS,TESS
PARR,PARR
RDNT,RDNT
MMI,MMI
VSEC,VSEC
PATK,PATK
ACCO,ACCO
CLSN,CLSN
NNBR,NNBR
AMEH,AMEH
HSTM,HSTM
HRI,HRI
AXLA,AXLA
OCFC,OCFC
PRTS,PRTS
AGTC,AGTC
PSMT,PSMT
GRIF,GRIF
EQH,EQH
KTB,KTB
NGM,NGM
VERU,VERU
LEXEA,LEXEA
MWK,MWK
HURN,HURN
NVEE,NVEE
MITK,MITK
RICK,RICK
HEES,HEES
WRTC,WRTC
HOTH,HOTH
NKSH,NKSH
LARK,LARK
BREW,BREW
SDPI,SDPI
MRCY,MRCY
WTBA,WTBA
RFIL,RFIL
GLIBA,GLIBA
NHTC,NHTC
ECOL,ECOL
MCB,MCB
ALRS,ALRS
EXLS,EXLS
IBCP,IBCP
CIVB,CIVB
CTXR,CTXR
MICR,MICR
FWRD,FWRD
TSRI,TSRI
KALV,KALV
ZOM,ZOM
ACHV,ACHV
ALNA,ALNA
IKNX,IKNX
SNDE,SNDE
MSN,MSN
SDI,SDI
VERY,VERY
BDR,BDR
BDL,BDL
TRVI,TRVI
DFIN,DFIN
MAYS,MAYS
CUBI,CUBI
HSKA,HSKA
BYFC,BYFC
IOR,IOR
SIC,SIC
BBSI,BBSI
IDT,IDT
FCAP,FCAP
SIF,SIF
CASM,CASM
MMDM,MMDM
WLFC,WLFC
OTEL,OTEL
METC,METC
UFAB,UFAB
ISSC,ISSC
IMKTA,IMKTA
TTEC,TTEC
ANDE,ANDE
WSTG,WSTG
PRK,PRK
TWIN,TWIN
PRCP,PRCP
CVCO,CVCO
KLDO,KLDO
PNTG,PNTG
BKI,BKI
CSGS,CSGS
AMRK,AMRK
CRNX,CRNX
HESM,HESM
STRT,STRT
RCKT,RCKT
DLA,DLA
HOOK,HOOK
RST,RST
FVE,FVE
AINC,AINC
IMPV,IMPV
CNFR,CNFR
NYNY,NYNY
RAIL,RAIL
ELMD,ELMD
PFIN,PFIN
SFE,SFE
VCNX,VCNX
ORMP,ORMP
NES,NES
PCYG,PCYG
SUMR,SUMR
GMO,GMO
MIRM,MIRM
VRTV,VRTV
LGL,LGL
SYX,SYX
GTYH,GTYH
SIFI,SIFI
SUP,SUP
ROLL,ROLL
UBX,UBX
THR,THR
CAW,CAW
PLPC,PLPC
PNRG,PNRG
SVT,SVT
ALQA,ALQA
SGBX,SGBX
PZG,PZG
TRT,TRT
CNXN,CNXN
MNI,MNI
INSP,INSP
CVU,CVU
AIRI,AIRI
BRAC,BRAC
NTIP,NTIP
HF,HF
EFBI,EFBI
CCF,CCF
HFBL,HFBL
ARTNA,ARTNA
ISDR,ISDR
IBP,IBP
ANAT,ANAT
AIRT,AIRT
PFIS,PFIS
EXTN,EXTN
ISIG,ISIG
SBPH,SBPH
LGIH,LGIH
KIDS,KIDS
SCPH,SCPH
VBFC,VBFC
INTL,INTL
STRA,STRA
BW,BW
KEQU,KEQU
LIVX,LIVX
NAVB,NAVB
SAL,SAL
LTS,LTS
ASTE,ASTE
CTRN,CTRN
PHIO,PHIO
MMAC,MMAC
WEBK,WEBK
YAYO,YAYO
PMTS,PMTS
TAYD,TAYD
HSDT,HSDT
CDTX,CDTX
OPHC,OPHC
PACK,PACK
APEX,APEX
OBCI,OBCI
VNRX,VNRX
INAP,INAP
DGICA,DGICA
RAVE,RAVE
NSSC,NSSC
SURF,SURF
NSEC,NSEC
CVV,CVV
SHOS,SHOS
ASFI,ASFI
OPB,OPB
IHC,IHC
CSFL,CSFL
GABC,GABC
VTSI,VTSI
STND,STND
MJCO,MJCO
RELV,RELV
SRRK,SRRK
CPHC,CPHC
ANIX,ANIX
SEEL,SEEL
FULC,FULC
TBIO,TBIO
ALJJ,ALJJ
MNLO,MNLO
SNOA,SNOA
POLA,POLA
DMTK,DMTK
OTTR,OTTR
CRD,CRD
CYAN,CYAN
ORGS,ORGS
JJSF,JJSF
GSIT,GSIT
MHO,MHO
SSB,SSB
FTAI,FTAI
LCII,LCII
SPXC,SPXC
SPWH,SPWH
OIS,OIS
SITO,SITO
MLR,MLR
AEHR,AEHR
SIGI,SIGI
VLGEA,VLGEA
EFSC,EFSC
CRVL,CRVL
SHLO,SHLO
PRAA,PRAA
HIFS,HIFS
CNTY,CNTY
MOSC,MOSC
BASI,BASI
SND,SND
RMR,RMR
CBU,CBU
NCMI,NCMI
SRTS,SRTS
ESXB,ESXB
MCRI,MCRI
HUSA,HUSA
CBTX,CBTX
LGC,LGC
IESC,IESC
THFF,THFF
CSU,CSU
UEIC,UEIC
NR,NR
NNI,NNI
NJR,NJR
TRC,TRC
ACU,ACU
LORL,LORL
SCWX,SCWX
EBMT,EBMT
HCAT,HCAT
KGJI,KGJI
AQB,AQB
SSP,SSP
FARO,FARO
VEC,VEC
PKOH,PKOH
CEMI,CEMI
OYST,OYST
SANM,SANM
RUSHA,RUSHA
CULP,CULP
KBAL,KBAL
SHOO,SHOO
BKH,BKH
UPLD,UPLD
SCSC,SCSC
CPK,CPK
DLHC,DLHC
BV,BV
TDAC,TDAC
FIXX,FIXX
DWSN,DWSN
FFG,FFG
ALOT,ALOT
APVO,APVO
EMKR,EMKR
ESNC,ESNC
BIOL,BIOL
ETON,ETON
HARP,HARP
ARTX,ARTX
FRBK,FRBK
SPRO,SPRO
SHSP,SHSP
ARTL,ARTL
EYEG,EYEG
MLND,MLND
ARAY,ARAY
SBOW,SBOW
PRPH,PRPH
RNWK,RNWK
CRVS,CRVS
PQG,PQG
GNLN,GNLN
TCX,TCX
CLFD,CLFD
VIR,VIR
CURO,CURO
MRAM,MRAM
AGYS,AGYS
BCSF,BCSF
LAKE,LAKE
LYTS,LYTS
TOWR,TOWR
SPKE,SPKE
NGHC,NGHC
MSTR,MSTR
APTI,APTI
EVLO,EVLO
APYX,APYX
CAAS,CAAS
DAIO,DAIO
EMCI,EMCI
FLF,FLF
CABO,CABO
CSTL,CSTL
FBSS,FBSS
AMBR,AMBR
TACT,TACT
CVGI,CVGI
HALL,HALL
ETM,ETM
CVLT,CVLT
SIBN,SIBN
TYME,TYME
FORR,FORR
GRAF,GRAF
NCSM,NCSM
HLI,HLI
GALT,GALT
CMCO,CMCO
LFUS,LFUS
USWS,USWS
NCBS,NCBS
OPOF,OPOF
UBFO,UBFO
DZSI,DZSI
ODT,ODT
WLDN,WLDN
GV,GV
BMTC,BMTC
FVCB,FVCB
KW,KW
MCRB,MCRB
ATRI,ATRI
PCYO,PCYO
NTRP,NTRP
EYES,EYES
LOB,LOB
MANT,MANT
XPL,XPL
MRBK,MRBK
WABC,WABC
MLVF,MLVF
CVGW,CVGW
ARKR,ARKR
UCFC,UCFC
HCKT,HCKT
HWBK,HWBK
SPAQ,SPAQ
MBCN,MBCN
RIBT,RIBT
LE,LE
UIHC,UIHC
KRA,KRA
UMBF,UMBF
PRTH,PRTH
FBK,FBK
NTWK,NTWK
KINS,KINS
PNM,PNM
IDTI,IDTI
RDVT,RDVT
XCUR,XCUR
KNL,KNL
TPCO,TPCO
YCBD,YCBD
RAPT,RAPT
NBTB,NBTB
ITI,ITI
ODC,ODC
BWFG,BWFG
TLF,TLF
FLXS,FLXS
PFBI,PFBI
HPJ,HPJ
FCNCA,FCNCA
LDL,LDL
FMBI,FMBI
SFST,SFST
NATH,NATH
PPIH,PPIH
NWFL,NWFL
DGII,DGII
MNPR,MNPR
FREQ,FREQ
PGC,PGC
CIX,CIX
BOMN,BOMN
QBAK,QBAK
FRG,FRG
EMMS,EMMS
BCBP,BCBP
FBNC,FBNC
PESI,PESI
RM,RM
PMD,PMD
SWTX,SWTX
PLSE,PLSE
PXLW,PXLW
FFNW,FFNW
PHX,PHX
RMNI,RMNI
PICO,PICO
IDSY,IDSY
MDLY,MDLY
PRSC,PRSC
SENEA,SENEA
RTIX,RTIX
RBCAA,RBCAA
GNBC,GNBC
HTBK,HTBK
TIBR,TIBR
MCS,MCS
FNJN,FNJN
PEIX,PEIX
LIND,LIND
VEAC,VEAC
MGYR,MGYR
AMAL,AMAL
BKSC,BKSC
DS,DS
RGCO,RGCO
EFOI,EFOI
WHG,WHG
LACQ,LACQ
ETNB,ETNB
PBIP,PBIP
CBNK,CBNK
SGA,SGA
HBNC,HBNC
ITG,ITG
ESIO,ESIO
BDGE,BDGE
ICCH,ICCH
OSG,OSG
TSRO,TSRO
HSAC,HSAC
COHN,COHN
BOTJ,BOTJ
BSTC,BSTC
MSVB,MSVB
IGMS,IGMS
SAFT,SAFT
BMRC,BMRC
CARO,CARO
OPY,OPY
WRLS,WRLS
ARDM,ARDM
FFWM,FFWM
JIH,JIH
CPF,CPF
CMTL,CMTL
IVAC,IVAC
UG,UG
THCA,THCA
GRNQ,GRNQ
LQDT,LQDT
PVBC,PVBC
TRST,TRST
WEYS,WEYS
APT,APT
QCRH,QCRH
ITIC,ITIC
ENFC,ENFC
DJCO,DJCO
EBTC,EBTC
BOCH,BOCH
CSTR,CSTR
HTLF,HTLF
CHCO,CHCO
PGNY,PGNY
BKJ,BKJ
ESBK,ESBK
RBCN,RBCN
NVIV,NVIV
WSBC,WSBC
BNED,BNED
HONE,HONE
CMLS,CMLS
RYTM,RYTM
SPA,SPA
GBL,GBL
AMK,AMK
NRC,NRC
XONE,XONE
OSIR,OSIR
FORD,FORD
TRCH,TRCH
RDI,RDI
TBI,TBI
ASYS,ASYS
UWN,UWN
LBAI,LBAI
DHIL,DHIL
PTVCA,PTVCA
GTIM,GTIM
SMMF,SMMF
SITM,SITM
DEAC,DEAC
CEVA,CEVA
IMH,IMH
LKFN,LKFN
INMB,INMB
AMPH,AMPH
MAMS,MAMS
ELSE,ELSE
FMNB,FMNB
BSRR,BSRR
GNPX,GNPX
HOFT,HOFT
MGEE,MGEE
HBMD,HBMD
KTCC,KTCC
CBZ,CBZ
CLRO,CLRO
CFFA,CFFA
GYRO,GYRO
HBCP,HBCP
JASN,JASN
EPM,EPM
WRD,WRD
UEPS,UEPS
SYKE,SYKE
THST,THST
FMAO,FMAO
FEIM,FEIM
MORF,MORF
NSYS,NSYS
PKD,PKD
IDSA,IDSA
JMP,JMP
SBE,SBE
BMRA,BMRA
STFC,STFC
SREV,SREV
BVSN,BVSN
AREC,AREC
LEVL,LEVL
MIND,MIND
HCAC,HCAC
ENZ,ENZ
FLL,FLL
POAI,POAI
GFN,GFN
KRNY,KRNY
HAYN,HAYN
TIPT,TIPT
SLCT,SLCT
PBHC,PBHC
DDE,DDE
SGMA,SGMA
PACQ,PACQ
AIO,AIO
NRCG,NRCG
TNC,TNC
EIC,EIC
EVOL,EVOL
CHMG,CHMG
MNCL,MNCL
GNUS,GNUS
MFNC,MFNC
PMBC,PMBC
RVSB,RVSB
ISRL,ISRL
CTSO,CTSO
BBGI,BBGI
WASH,WASH
VIE,VIE
ETTX,ETTX
CELC,CELC
TKAT,TKAT
CBFV,CBFV
GGO,GGO
DFBH,DFBH
GDP,GDP
UFPT,UFPT
LION,LION
STXB,STXB
CTAC,CTAC
HMTV,HMTV
GEN,GEN
RMCF,RMCF
FSEA,FSEA
CBAN,CBAN
IPAS,IPAS
OLBK,OLBK
NBN,NBN
BSVN,BSVN
CZFC,CZFC
ICCC,ICCC
MBIN,MBIN
FUNC,FUNC
NAVG,NAVG
KAMN,KAMN
MSBI,MSBI
NEBU,NEBU
MSL,MSL
SCX,SCX
EVSI,EVSI
BHBK,BHBK
STRO,STRO
NHLD,NHLD
TSBK,TSBK
LMST,LMST
BCTF,BCTF
GPAQ,GPAQ
NAOV,NAOV
SBFG,SBFG
FNHC,FNHC
SPNE,SPNE
MBTF,MBTF
CZWI,CZWI
FRBA,FRBA
FNCB,FNCB
FISI,FISI
CIVI,CIVI
IROQ,IROQ
HNI,HNI
NEXT,NEXT
CASS,CASS
ITGR,ITGR
STCN,STCN
MEC,MEC
WSBF,WSBF
JRSH,JRSH
AHC,AHC
MYFW,MYFW
CSPI,CSPI
AVD,AVD
VIRC,VIRC
RBB,RBB
NBHC,NBHC
RNST,RNST
TBNK,TBNK
ULBI,ULBI
FSBC,FSBC
TELA,TELA
HWCC,HWCC
OSBC,OSBC
PWOD,PWOD
APRE,APRE
SHBI,SHBI
ISTR,ISTR
CVR,CVR
BWL,BWL
EBSB,EBSB
UBOH,UBOH
SGB,SGB
HBK,HBK
FSTR,FSTR
NEPH,NEPH
NL,NL
CPSH,CPSH
PGLC,PGLC
MFSF,MFSF
FCB,FCB
RNET,RNET
PBFS,PBFS
SVBI,SVBI
GURE,GURE
GFED,GFED
ORRF,ORRF
UTL,UTL
QES,QES
NWLI,NWLI
RILY,RILY
SMHI,SMHI
FNWB,FNWB
RRBI,RRBI
SIEB,SIEB
CHAC,CHAC
OTTW,OTTW
INBK,INBK
GCBC,GCBC
AWRE,AWRE
PROV,PROV
INTX,INTX
HBP,HBP
RBKB,RBKB
PNBK,PNBK
PCSB,PCSB
LCNB,LCNB
ESQ,ESQ
FSAC,FSAC
SAMA,SAMA
CPSS,CPSS
OBNK,OBNK
FRHC,FRHC
EGL,EGL
SXI,SXI
USLM,USLM
BRPM,BRPM
MSBF,MSBF
ESSA,ESSA
KRMD,KRMD
MFAC,MFAC
MCBS,MCBS
OPES,OPES
BXRX,BXRX
ACEL,ACEL
MVBF,MVBF
HVBC,HVBC
ANCX,ANCX
ISNS,ISNS
RIVE,RIVE
KFFB,KFFB
GLBZ,GLBZ
WVFC,WVFC
FPAC,FPAC
MTEX,MTEX
ESND,ESND
XYN,XYN
GRTX,GRTX
SPOK,SPOK
CFBI,CFBI
GIFI,GIFI
FCBP,FCBP
BRPA,BRPA
KBLM,KBLM
WCFB,WCFB
ESCA,ESCA
NWHM,NWHM
FMCI,FMCI
MNSB,MNSB
FGBI,FGBI
OFED,OFED
CKX,CKX
VTIQ,VTIQ
RBNC,RBNC
GPIC,GPIC
UVSP,UVSP
GRSH,GRSH
SPFI,SPFI
EDUC,EDUC
FFBW,FFBW
STSA,STSA
SFBC,SFBC
BCOW,BCOW
CFB,CFB
GIX,GIX
LSBK,LSBK
MCBC,MCBC
SSBI,SSBI
ALGR,ALGR
RMBI,RMBI
THCB,THCB
TRNE,TRNE
MELR,MELR
MOFG,MOFG
LCA,LCA
FTAC,FTAC
HMNF,HMNF
SNFCA,SNFCA
PATI,PATI
MUDS,MUDS
TCFC,TCFC
NODK,NODK
FCBC,FCBC
EDTX,EDTX
UNTY,UNTY
NAII,NAII
RNDB,RNDB
SHLL,SHLL
PCB,PCB
NCOM,NCOM
HMTA,HMTA
MCMJ,MCMJ
CVON,CVON
GBNK,GBNK
BRBS,BRBS
APXT,APXT
SFTW,SFTW
HAPP,HAPP
TFFP,TFFP
DPHC,DPHC
INSU,INSU
GMHI,GMHI
NWGI,NWGI
CRSA,CRSA
FSRV,FSRV
PPHI,PPHI
CPAA,CPAA
PAAC,PAAC
EXPC,EXPC
ORSN,ORSN
GXGX,GXGX
